date,region,fuel_type,cnt
201601,강원,LPG,4327.0
201601,강원,기타,1847.0
201601,강원,디젤,138899.0
201601,강원,전기,0.0
201601,경기,LPG,47503.0
201601,경기,기타,13641.0
201601,경기,디젤,680207.0
201601,경기,전기,0.0
201601,경상,LPG,30784.0
201601,경상,기타,32844.0
201601,경상,디젤,944513.0
201601,경상,전기,11.0
201601,서울,LPG,38078.0
201601,서울,기타,5200.0
201601,서울,디젤,304305.0
201601,서울,전기,2.0
201601,인천,LPG,12030.0
201601,인천,기타,9282.0
201601,인천,디젤,157812.0
201601,인천,전기,0.0
201601,전라,LPG,12559.0
201601,전라,기타,12449.0
201601,전라,디젤,469135.0
201601,전라,전기,0.0
201601,제주,LPG,3795.0
201601,제주,기타,492.0
201601,제주,디젤,69208.0
201601,제주,전기,5.0
201601,충청,LPG,11556.0
201601,충청,기타,10066.0
201601,충청,디젤,431890.0
201601,충청,전기,0.0
201602,강원,LPG,4326.0
201602,강원,기타,1867.0
201602,강원,디젤,139252.0
201602,강원,전기,0.0
201602,경기,LPG,47226.0
201602,경기,기타,13717.0
201602,경기,디젤,681481.0
201602,경기,전기,0.0
201602,경상,LPG,30705.0
201602,경상,기타,32948.0
201602,경상,디젤,945596.0
201602,경상,전기,11.0
201602,서울,LPG,37826.0
201602,서울,기타,5212.0
201602,서울,디젤,304240.0
201602,서울,전기,2.0
201602,인천,LPG,11946.0
201602,인천,기타,9311.0
201602,인천,디젤,157950.0
201602,인천,전기,0.0
201602,전라,LPG,12491.0
201602,전라,기타,12519.0
201602,전라,디젤,470015.0
201602,전라,전기,0.0
201602,제주,LPG,3802.0
201602,제주,기타,504.0
201602,제주,디젤,69409.0
201602,제주,전기,5.0
201602,충청,LPG,11525.0
201602,충청,기타,10099.0
201602,충청,디젤,432823.0
201602,충청,전기,0.0
201603,강원,LPG,4328.0
201603,강원,기타,1883.0
201603,강원,디젤,139698.0
201603,강원,전기,0.0
201603,경기,LPG,46802.0
201603,경기,기타,13880.0
201603,경기,디젤,683767.0
201603,경기,전기,0.0
201603,경상,LPG,30628.0
201603,경상,기타,33150.0
201603,경상,디젤,947316.0
201603,경상,전기,11.0
201603,서울,LPG,37514.0
201603,서울,기타,5259.0
201603,서울,디젤,304168.0
201603,서울,전기,2.0
201603,인천,LPG,11852.0
201603,인천,기타,9364.0
201603,인천,디젤,158257.0
201603,인천,전기,0.0
201603,전라,LPG,12476.0
201603,전라,기타,12614.0
201603,전라,디젤,471193.0
201603,전라,전기,0.0
201603,제주,LPG,3787.0
201603,제주,기타,515.0
201603,제주,디젤,69782.0
201603,제주,전기,5.0
201603,충청,LPG,11480.0
201603,충청,기타,10204.0
201603,충청,디젤,434094.0
201603,충청,전기,0.0
201604,강원,LPG,4329.0
201604,강원,기타,1911.0
201604,강원,디젤,140139.0
201604,강원,전기,0.0
201604,경기,LPG,46449.0
201604,경기,기타,14014.0
201604,경기,디젤,685819.0
201604,경기,전기,0.0
201604,경상,LPG,30609.0
201604,경상,기타,33409.0
201604,경상,디젤,948893.0
201604,경상,전기,11.0
201604,서울,LPG,37177.0
201604,서울,기타,5288.0
201604,서울,디젤,304379.0
201604,서울,전기,2.0
201604,인천,LPG,11858.0
201604,인천,기타,9392.0
201604,인천,디젤,158816.0
201604,인천,전기,0.0
201604,전라,LPG,12435.0
201604,전라,기타,12724.0
201604,전라,디젤,472218.0
201604,전라,전기,0.0
201604,제주,LPG,3787.0
201604,제주,기타,528.0
201604,제주,디젤,70150.0
201604,제주,전기,5.0
201604,충청,LPG,11466.0
201604,충청,기타,10271.0
201604,충청,디젤,435151.0
201604,충청,전기,0.0
201605,강원,LPG,4312.0
201605,강원,기타,1942.0
201605,강원,디젤,140648.0
201605,강원,전기,0.0
201605,경기,LPG,46048.0
201605,경기,기타,14197.0
201605,경기,디젤,688162.0
201605,경기,전기,0.0
201605,경상,LPG,30555.0
201605,경상,기타,33592.0
201605,경상,디젤,950389.0
201605,경상,전기,11.0
201605,서울,LPG,36849.0
201605,서울,기타,5292.0
201605,서울,디젤,304309.0
201605,서울,전기,2.0
201605,인천,LPG,11832.0
201605,인천,기타,9494.0
201605,인천,디젤,159194.0
201605,인천,전기,0.0
201605,전라,LPG,12397.0
201605,전라,기타,12822.0
201605,전라,디젤,473168.0
201605,전라,전기,0.0
201605,제주,LPG,3777.0
201605,제주,기타,533.0
201605,제주,디젤,70510.0
201605,제주,전기,5.0
201605,충청,LPG,11407.0
201605,충청,기타,10420.0
201605,충청,디젤,436114.0
201605,충청,전기,0.0
201606,강원,LPG,4313.0
201606,강원,기타,1980.0
201606,강원,디젤,141181.0
201606,강원,전기,0.0
201606,경기,LPG,45657.0
201606,경기,기타,14411.0
201606,경기,디젤,690944.0
201606,경기,전기,0.0
201606,경상,LPG,30480.0
201606,경상,기타,33867.0
201606,경상,디젤,952011.0
201606,경상,전기,11.0
201606,서울,LPG,36543.0
201606,서울,기타,5317.0
201606,서울,디젤,304209.0
201606,서울,전기,2.0
201606,인천,LPG,11764.0
201606,인천,기타,9585.0
201606,인천,디젤,159704.0
201606,인천,전기,0.0
201606,전라,LPG,12368.0
201606,전라,기타,12897.0
201606,전라,디젤,474217.0
201606,전라,전기,0.0
201606,제주,LPG,3815.0
201606,제주,기타,539.0
201606,제주,디젤,70933.0
201606,제주,전기,5.0
201606,충청,LPG,11376.0
201606,충청,기타,10536.0
201606,충청,디젤,437208.0
201606,충청,전기,0.0
201607,강원,LPG,4300.0
201607,강원,기타,2003.0
201607,강원,디젤,141639.0
201607,강원,전기,0.0
201607,경기,LPG,45246.0
201607,경기,기타,14611.0
201607,경기,디젤,692919.0
201607,경기,전기,0.0
201607,경상,LPG,30403.0
201607,경상,기타,34118.0
201607,경상,디젤,953649.0
201607,경상,전기,11.0
201607,서울,LPG,36243.0
201607,서울,기타,5374.0
201607,서울,디젤,304282.0
201607,서울,전기,2.0
201607,인천,LPG,11710.0
201607,인천,기타,9626.0
201607,인천,디젤,160189.0
201607,인천,전기,0.0
201607,전라,LPG,12315.0
201607,전라,기타,12940.0
201607,전라,디젤,475400.0
201607,전라,전기,0.0
201607,제주,LPG,3815.0
201607,제주,기타,558.0
201607,제주,디젤,71284.0
201607,제주,전기,5.0
201607,충청,LPG,11299.0
201607,충청,기타,10675.0
201607,충청,디젤,438325.0
201607,충청,전기,0.0
201608,강원,LPG,4290.0
201608,강원,기타,2032.0
201608,강원,디젤,141825.0
201608,강원,전기,0.0
201608,경기,LPG,44796.0
201608,경기,기타,14819.0
201608,경기,디젤,693423.0
201608,경기,전기,2.0
201608,경상,LPG,30311.0
201608,경상,기타,34274.0
201608,경상,디젤,953234.0
201608,경상,전기,11.0
201608,서울,LPG,35936.0
201608,서울,기타,5413.0
201608,서울,디젤,303764.0
201608,서울,전기,2.0
201608,인천,LPG,11640.0
201608,인천,기타,9678.0
201608,인천,디젤,160605.0
201608,인천,전기,0.0
201608,전라,LPG,12248.0
201608,전라,기타,13020.0
201608,전라,디젤,475581.0
201608,전라,전기,0.0
201608,제주,LPG,3802.0
201608,제주,기타,572.0
201608,제주,디젤,71500.0
201608,제주,전기,6.0
201608,충청,LPG,11252.0
201608,충청,기타,10776.0
201608,충청,디젤,438740.0
201608,충청,전기,0.0
201609,강원,LPG,4254.0
201609,강원,기타,2067.0
201609,강원,디젤,141887.0
201609,강원,전기,0.0
201609,경기,LPG,44385.0
201609,경기,기타,14958.0
201609,경기,디젤,694477.0
201609,경기,전기,2.0
201609,경상,LPG,30191.0
201609,경상,기타,34446.0
201609,경상,디젤,952876.0
201609,경상,전기,11.0
201609,서울,LPG,35674.0
201609,서울,기타,5444.0
201609,서울,디젤,303338.0
201609,서울,전기,2.0
201609,인천,LPG,11598.0
201609,인천,기타,9759.0
201609,인천,디젤,160895.0
201609,인천,전기,0.0
201609,전라,LPG,12178.0
201609,전라,기타,13077.0
201609,전라,디젤,475709.0
201609,전라,전기,0.0
201609,제주,LPG,3796.0
201609,제주,기타,583.0
201609,제주,디젤,71727.0
201609,제주,전기,6.0
201609,충청,LPG,11186.0
201609,충청,기타,10873.0
201609,충청,디젤,439185.0
201609,충청,전기,0.0
201610,강원,LPG,4242.0
201610,강원,기타,2100.0
201610,강원,디젤,141979.0
201610,강원,전기,0.0
201610,경기,LPG,44005.0
201610,경기,기타,15139.0
201610,경기,디젤,695364.0
201610,경기,전기,2.0
201610,경상,LPG,30019.0
201610,경상,기타,34520.0
201610,경상,디젤,952381.0
201610,경상,전기,11.0
201610,서울,LPG,35452.0
201610,서울,기타,5476.0
201610,서울,디젤,302933.0
201610,서울,전기,2.0
201610,인천,LPG,11506.0
201610,인천,기타,9820.0
201610,인천,디젤,161221.0
201610,인천,전기,0.0
201610,전라,LPG,12144.0
201610,전라,기타,13165.0
201610,전라,디젤,475944.0
201610,전라,전기,0.0
201610,제주,LPG,3808.0
201610,제주,기타,591.0
201610,제주,디젤,71848.0
201610,제주,전기,8.0
201610,충청,LPG,11122.0
201610,충청,기타,10993.0
201610,충청,디젤,439296.0
201610,충청,전기,0.0
201611,강원,LPG,4206.0
201611,강원,기타,2115.0
201611,강원,디젤,142287.0
201611,강원,전기,0.0
201611,경기,LPG,43611.0
201611,경기,기타,15294.0
201611,경기,디젤,697843.0
201611,경기,전기,2.0
201611,경상,LPG,29914.0
201611,경상,기타,34687.0
201611,경상,디젤,953087.0
201611,경상,전기,11.0
201611,서울,LPG,35112.0
201611,서울,기타,5478.0
201611,서울,디젤,302934.0
201611,서울,전기,3.0
201611,인천,LPG,11471.0
201611,인천,기타,9874.0
201611,인천,디젤,161790.0
201611,인천,전기,0.0
201611,전라,LPG,12093.0
201611,전라,기타,13208.0
201611,전라,디젤,476499.0
201611,전라,전기,0.0
201611,제주,LPG,3819.0
201611,제주,기타,593.0
201611,제주,디젤,72168.0
201611,제주,전기,15.0
201611,충청,LPG,11038.0
201611,충청,기타,11114.0
201611,충청,디젤,440066.0
201611,충청,전기,0.0
201612,강원,LPG,4183.0
201612,강원,기타,2128.0
201612,강원,디젤,142349.0
201612,강원,전기,0.0
201612,경기,LPG,43203.0
201612,경기,기타,15383.0
201612,경기,디젤,699782.0
201612,경기,전기,2.0
201612,경상,LPG,29706.0
201612,경상,기타,34808.0
201612,경상,디젤,952847.0
201612,경상,전기,11.0
201612,서울,LPG,34766.0
201612,서울,기타,5501.0
201612,서울,디젤,302902.0
201612,서울,전기,4.0
201612,인천,LPG,11440.0
201612,인천,기타,9906.0
201612,인천,디젤,162099.0
201612,인천,전기,0.0
201612,전라,LPG,12020.0
201612,전라,기타,13306.0
201612,전라,디젤,476707.0
201612,전라,전기,0.0
201612,제주,LPG,3799.0
201612,제주,기타,601.0
201612,제주,디젤,72366.0
201612,제주,전기,15.0
201612,충청,LPG,10944.0
201612,충청,기타,11201.0
201612,충청,디젤,440194.0
201612,충청,전기,0.0
201701,강원,LPG,4176.0
201701,강원,기타,2143.0
201701,강원,디젤,142771.0
201701,강원,전기,0.0
201701,경기,LPG,42913.0
201701,경기,기타,15544.0
201701,경기,디젤,702389.0
201701,경기,전기,2.0
201701,경상,LPG,29600.0
201701,경상,기타,34891.0
201701,경상,디젤,954795.0
201701,경상,전기,11.0
201701,서울,LPG,34516.0
201701,서울,기타,5514.0
201701,서울,디젤,303592.0
201701,서울,전기,4.0
201701,인천,LPG,11398.0
201701,인천,기타,9962.0
201701,인천,디젤,162474.0
201701,인천,전기,0.0
201701,전라,LPG,11961.0
201701,전라,기타,13357.0
201701,전라,디젤,477721.0
201701,전라,전기,0.0
201701,제주,LPG,3785.0
201701,제주,기타,613.0
201701,제주,디젤,72649.0
201701,제주,전기,15.0
201701,충청,LPG,10902.0
201701,충청,기타,11303.0
201701,충청,디젤,441373.0
201701,충청,전기,0.0
201702,강원,LPG,4155.0
201702,강원,기타,2158.0
201702,강원,디젤,142917.0
201702,강원,전기,0.0
201702,경기,LPG,42584.0
201702,경기,기타,15650.0
201702,경기,디젤,702992.0
201702,경기,전기,2.0
201702,경상,LPG,29456.0
201702,경상,기타,34958.0
201702,경상,디젤,955116.0
201702,경상,전기,12.0
201702,서울,LPG,34296.0
201702,서울,기타,5523.0
201702,서울,디젤,303459.0
201702,서울,전기,4.0
201702,인천,LPG,11317.0
201702,인천,기타,10004.0
201702,인천,디젤,162519.0
201702,인천,전기,0.0
201702,전라,LPG,11930.0
201702,전라,기타,13390.0
201702,전라,디젤,478025.0
201702,전라,전기,0.0
201702,제주,LPG,3775.0
201702,제주,기타,622.0
201702,제주,디젤,72736.0
201702,제주,전기,16.0
201702,충청,LPG,10889.0
201702,충청,기타,11392.0
201702,충청,디젤,441920.0
201702,충청,전기,0.0
201703,강원,LPG,4142.0
201703,강원,기타,2186.0
201703,강원,디젤,143163.0
201703,강원,전기,1.0
201703,경기,LPG,42234.0
201703,경기,기타,15811.0
201703,경기,디젤,703697.0
201703,경기,전기,2.0
201703,경상,LPG,29351.0
201703,경상,기타,35100.0
201703,경상,디젤,955824.0
201703,경상,전기,12.0
201703,서울,LPG,34011.0
201703,서울,기타,5569.0
201703,서울,디젤,303498.0
201703,서울,전기,4.0
201703,인천,LPG,11353.0
201703,인천,기타,10066.0
201703,인천,디젤,162818.0
201703,인천,전기,0.0
201703,전라,LPG,11875.0
201703,전라,기타,13453.0
201703,전라,디젤,478386.0
201703,전라,전기,0.0
201703,제주,LPG,3753.0
201703,제주,기타,639.0
201703,제주,디젤,73019.0
201703,제주,전기,16.0
201703,충청,LPG,10872.0
201703,충청,기타,11505.0
201703,충청,디젤,442566.0
201703,충청,전기,1.0
201704,강원,LPG,4140.0
201704,강원,기타,2208.0
201704,강원,디젤,143544.0
201704,강원,전기,1.0
201704,경기,LPG,41898.0
201704,경기,기타,16013.0
201704,경기,디젤,705622.0
201704,경기,전기,2.0
201704,경상,LPG,29247.0
201704,경상,기타,35236.0
201704,경상,디젤,956853.0
201704,경상,전기,12.0
201704,서울,LPG,33769.0
201704,서울,기타,5613.0
201704,서울,디젤,303574.0
201704,서울,전기,7.0
201704,인천,LPG,11302.0
201704,인천,기타,10152.0
201704,인천,디젤,163101.0
201704,인천,전기,0.0
201704,전라,LPG,11822.0
201704,전라,기타,13554.0
201704,전라,디젤,479103.0
201704,전라,전기,0.0
201704,제주,LPG,3746.0
201704,제주,기타,643.0
201704,제주,디젤,73218.0
201704,제주,전기,16.0
201704,충청,LPG,10868.0
201704,충청,기타,11622.0
201704,충청,디젤,443456.0
201704,충청,전기,1.0
201705,강원,LPG,4144.0
201705,강원,기타,2248.0
201705,강원,디젤,143771.0
201705,강원,전기,1.0
201705,경기,LPG,41499.0
201705,경기,기타,16169.0
201705,경기,디젤,707321.0
201705,경기,전기,2.0
201705,경상,LPG,29139.0
201705,경상,기타,35396.0
201705,경상,디젤,957559.0
201705,경상,전기,12.0
201705,서울,LPG,33442.0
201705,서울,기타,5674.0
201705,서울,디젤,303649.0
201705,서울,전기,7.0
201705,인천,LPG,11200.0
201705,인천,기타,10204.0
201705,인천,디젤,163339.0
201705,인천,전기,0.0
201705,전라,LPG,11768.0
201705,전라,기타,13619.0
201705,전라,디젤,479674.0
201705,전라,전기,0.0
201705,제주,LPG,3733.0
201705,제주,기타,661.0
201705,제주,디젤,73446.0
201705,제주,전기,17.0
201705,충청,LPG,10836.0
201705,충청,기타,11768.0
201705,충청,디젤,444070.0
201705,충청,전기,1.0
201706,강원,LPG,4144.0
201706,강원,기타,2292.0
201706,강원,디젤,144046.0
201706,강원,전기,1.0
201706,경기,LPG,41162.0
201706,경기,기타,16228.0
201706,경기,디젤,709085.0
201706,경기,전기,2.0
201706,경상,LPG,28988.0
201706,경상,기타,35612.0
201706,경상,디젤,958281.0
201706,경상,전기,12.0
201706,서울,LPG,33173.0
201706,서울,기타,5746.0
201706,서울,디젤,303622.0
201706,서울,전기,8.0
201706,인천,LPG,11112.0
201706,인천,기타,10312.0
201706,인천,디젤,163572.0
201706,인천,전기,0.0
201706,전라,LPG,11701.0
201706,전라,기타,13728.0
201706,전라,디젤,480391.0
201706,전라,전기,0.0
201706,제주,LPG,3707.0
201706,제주,기타,673.0
201706,제주,디젤,73573.0
201706,제주,전기,17.0
201706,충청,LPG,10773.0
201706,충청,기타,11967.0
201706,충청,디젤,444755.0
201706,충청,전기,1.0
201707,강원,LPG,4130.0
201707,강원,기타,2321.0
201707,강원,디젤,144441.0
201707,강원,전기,1.0
201707,경기,LPG,40812.0
201707,경기,기타,16407.0
201707,경기,디젤,711487.0
201707,경기,전기,2.0
201707,경상,LPG,28854.0
201707,경상,기타,35783.0
201707,경상,디젤,959445.0
201707,경상,전기,12.0
201707,서울,LPG,32784.0
201707,서울,기타,5838.0
201707,서울,디젤,303636.0
201707,서울,전기,10.0
201707,인천,LPG,11046.0
201707,인천,기타,10365.0
201707,인천,디젤,164180.0
201707,인천,전기,0.0
201707,전라,LPG,11648.0
201707,전라,기타,13806.0
201707,전라,디젤,481133.0
201707,전라,전기,0.0
201707,제주,LPG,3691.0
201707,제주,기타,676.0
201707,제주,디젤,73769.0
201707,제주,전기,18.0
201707,충청,LPG,10729.0
201707,충청,기타,12159.0
201707,충청,디젤,445637.0
201707,충청,전기,1.0
201708,강원,LPG,4113.0
201708,강원,기타,2367.0
201708,강원,디젤,144614.0
201708,강원,전기,1.0
201708,경기,LPG,40449.0
201708,경기,기타,16581.0
201708,경기,디젤,712460.0
201708,경기,전기,2.0
201708,경상,LPG,28677.0
201708,경상,기타,35945.0
201708,경상,디젤,959489.0
201708,경상,전기,12.0
201708,서울,LPG,32479.0
201708,서울,기타,5876.0
201708,서울,디젤,303452.0
201708,서울,전기,11.0
201708,인천,LPG,10955.0
201708,인천,기타,10433.0
201708,인천,디젤,164401.0
201708,인천,전기,0.0
201708,전라,LPG,11546.0
201708,전라,기타,13850.0
201708,전라,디젤,481658.0
201708,전라,전기,0.0
201708,제주,LPG,3685.0
201708,제주,기타,688.0
201708,제주,디젤,73937.0
201708,제주,전기,18.0
201708,충청,LPG,10722.0
201708,충청,기타,12268.0
201708,충청,디젤,446031.0
201708,충청,전기,1.0
201709,강원,LPG,4101.0
201709,강원,기타,2384.0
201709,강원,디젤,144807.0
201709,강원,전기,1.0
201709,경기,LPG,40063.0
201709,경기,기타,16762.0
201709,경기,디젤,714576.0
201709,경기,전기,2.0
201709,경상,LPG,28545.0
201709,경상,기타,36097.0
201709,경상,디젤,960859.0
201709,경상,전기,12.0
201709,서울,LPG,32158.0
201709,서울,기타,5930.0
201709,서울,디젤,302858.0
201709,서울,전기,10.0
201709,인천,LPG,10897.0
201709,인천,기타,10472.0
201709,인천,디젤,165308.0
201709,인천,전기,0.0
201709,전라,LPG,11483.0
201709,전라,기타,13919.0
201709,전라,디젤,482448.0
201709,전라,전기,1.0
201709,제주,LPG,3671.0
201709,제주,기타,693.0
201709,제주,디젤,74046.0
201709,제주,전기,18.0
201709,충청,LPG,10680.0
201709,충청,기타,12357.0
201709,충청,디젤,447023.0
201709,충청,전기,1.0
201710,강원,LPG,4066.0
201710,강원,기타,2406.0
201710,강원,디젤,144999.0
201710,강원,전기,1.0
201710,경기,LPG,39759.0
201710,경기,기타,16863.0
201710,경기,디젤,715996.0
201710,경기,전기,2.0
201710,경상,LPG,28420.0
201710,경상,기타,36234.0
201710,경상,디젤,961253.0
201710,경상,전기,12.0
201710,서울,LPG,31911.0
201710,서울,기타,5942.0
201710,서울,디젤,302782.0
201710,서울,전기,17.0
201710,인천,LPG,10812.0
201710,인천,기타,10506.0
201710,인천,디젤,165532.0
201710,인천,전기,0.0
201710,전라,LPG,11435.0
201710,전라,기타,13957.0
201710,전라,디젤,482942.0
201710,전라,전기,1.0
201710,제주,LPG,3663.0
201710,제주,기타,697.0
201710,제주,디젤,74127.0
201710,제주,전기,18.0
201710,충청,LPG,10615.0
201710,충청,기타,12463.0
201710,충청,디젤,447334.0
201710,충청,전기,2.0
201711,강원,LPG,4058.0
201711,강원,기타,2416.0
201711,강원,디젤,145078.0
201711,강원,전기,1.0
201711,경기,LPG,39391.0
201711,경기,기타,16968.0
201711,경기,디젤,718581.0
201711,경기,전기,2.0
201711,경상,LPG,28264.0
201711,경상,기타,36362.0
201711,경상,디젤,961755.0
201711,경상,전기,12.0
201711,서울,LPG,31641.0
201711,서울,기타,5955.0
201711,서울,디젤,303030.0
201711,서울,전기,18.0
201711,인천,LPG,10749.0
201711,인천,기타,10537.0
201711,인천,디젤,166057.0
201711,인천,전기,0.0
201711,전라,LPG,11356.0
201711,전라,기타,14031.0
201711,전라,디젤,483408.0
201711,전라,전기,1.0
201711,제주,LPG,3683.0
201711,제주,기타,698.0
201711,제주,디젤,74257.0
201711,제주,전기,18.0
201711,충청,LPG,10537.0
201711,충청,기타,12525.0
201711,충청,디젤,447974.0
201711,충청,전기,2.0
201712,강원,LPG,4046.0
201712,강원,기타,2427.0
201712,강원,디젤,145134.0
201712,강원,전기,1.0
201712,경기,LPG,39053.0
201712,경기,기타,17074.0
201712,경기,디젤,720068.0
201712,경기,전기,2.0
201712,경상,LPG,28152.0
201712,경상,기타,36431.0
201712,경상,디젤,961564.0
201712,경상,전기,12.0
201712,서울,LPG,31366.0
201712,서울,기타,5963.0
201712,서울,디젤,302573.0
201712,서울,전기,19.0
201712,인천,LPG,10658.0
201712,인천,기타,10560.0
201712,인천,디젤,166319.0
201712,인천,전기,0.0
201712,전라,LPG,11291.0
201712,전라,기타,14065.0
201712,전라,디젤,483510.0
201712,전라,전기,0.0
201712,제주,LPG,3662.0
201712,제주,기타,701.0
201712,제주,디젤,74346.0
201712,제주,전기,19.0
201712,충청,LPG,10478.0
201712,충청,기타,12569.0
201712,충청,디젤,448258.0
201712,충청,전기,2.0
201801,강원,LPG,4006.0
201801,강원,기타,2436.0
201801,강원,디젤,145492.0
201801,강원,전기,1.0
201801,경기,LPG,38824.0
201801,경기,기타,17161.0
201801,경기,디젤,722424.0
201801,경기,전기,2.0
201801,경상,LPG,28057.0
201801,경상,기타,36528.0
201801,경상,디젤,962470.0
201801,경상,전기,12.0
201801,서울,LPG,31100.0
201801,서울,기타,5975.0
201801,서울,디젤,302364.0
201801,서울,전기,21.0
201801,인천,LPG,10565.0
201801,인천,기타,10586.0
201801,인천,디젤,166573.0
201801,인천,전기,0.0
201801,전라,LPG,11240.0
201801,전라,기타,14079.0
201801,전라,디젤,484803.0
201801,전라,전기,0.0
201801,제주,LPG,3642.0
201801,제주,기타,702.0
201801,제주,디젤,74541.0
201801,제주,전기,19.0
201801,충청,LPG,10437.0
201801,충청,기타,12648.0
201801,충청,디젤,449138.0
201801,충청,전기,2.0
201802,강원,LPG,4025.0
201802,강원,기타,2446.0
201802,강원,디젤,145637.0
201802,강원,전기,1.0
201802,경기,LPG,38611.0
201802,경기,기타,17229.0
201802,경기,디젤,722600.0
201802,경기,전기,2.0
201802,경상,LPG,27950.0
201802,경상,기타,36609.0
201802,경상,디젤,962916.0
201802,경상,전기,12.0
201802,서울,LPG,30887.0
201802,서울,기타,6001.0
201802,서울,디젤,302691.0
201802,서울,전기,21.0
201802,인천,LPG,10471.0
201802,인천,기타,10595.0
201802,인천,디젤,166826.0
201802,인천,전기,0.0
201802,전라,LPG,11196.0
201802,전라,기타,14113.0
201802,전라,디젤,485152.0
201802,전라,전기,0.0
201802,제주,LPG,3617.0
201802,제주,기타,705.0
201802,제주,디젤,74781.0
201802,제주,전기,19.0
201802,충청,LPG,10393.0
201802,충청,기타,12725.0
201802,충청,디젤,449627.0
201802,충청,전기,2.0
201803,강원,LPG,4002.0
201803,강원,기타,2459.0
201803,강원,디젤,145762.0
201803,강원,전기,1.0
201803,경기,LPG,38225.0
201803,경기,기타,17304.0
201803,경기,디젤,723681.0
201803,경기,전기,2.0
201803,경상,LPG,27803.0
201803,경상,기타,36711.0
201803,경상,디젤,962827.0
201803,경상,전기,12.0
201803,서울,LPG,30682.0
201803,서울,기타,6019.0
201803,서울,디젤,302404.0
201803,서울,전기,21.0
201803,인천,LPG,10398.0
201803,인천,기타,10665.0
201803,인천,디젤,166896.0
201803,인천,전기,0.0
201803,전라,LPG,11141.0
201803,전라,기타,14194.0
201803,전라,디젤,485134.0
201803,전라,전기,0.0
201803,제주,LPG,3597.0
201803,제주,기타,710.0
201803,제주,디젤,74966.0
201803,제주,전기,19.0
201803,충청,LPG,10363.0
201803,충청,기타,12832.0
201803,충청,디젤,449890.0
201803,충청,전기,2.0
201804,강원,LPG,3994.0
201804,강원,기타,2464.0
201804,강원,디젤,145962.0
201804,강원,전기,1.0
201804,경기,LPG,37958.0
201804,경기,기타,17498.0
201804,경기,디젤,725746.0
201804,경기,전기,3.0
201804,경상,LPG,27655.0
201804,경상,기타,36826.0
201804,경상,디젤,963222.0
201804,경상,전기,7.0
201804,서울,LPG,30475.0
201804,서울,기타,6060.0
201804,서울,디젤,302427.0
201804,서울,전기,21.0
201804,인천,LPG,10294.0
201804,인천,기타,10704.0
201804,인천,디젤,167401.0
201804,인천,전기,0.0
201804,전라,LPG,11110.0
201804,전라,기타,14282.0
201804,전라,디젤,485819.0
201804,전라,전기,0.0
201804,제주,LPG,3603.0
201804,제주,기타,706.0
201804,제주,디젤,74864.0
201804,제주,전기,19.0
201804,충청,LPG,10347.0
201804,충청,기타,12940.0
201804,충청,디젤,450615.0
201804,충청,전기,2.0
201805,강원,LPG,3959.0
201805,강원,기타,2496.0
201805,강원,디젤,146395.0
201805,강원,전기,1.0
201805,경기,LPG,37626.0
201805,경기,기타,17626.0
201805,경기,디젤,727880.0
201805,경기,전기,3.0
201805,경상,LPG,27550.0
201805,경상,기타,36983.0
201805,경상,디젤,963972.0
201805,경상,전기,7.0
201805,서울,LPG,30200.0
201805,서울,기타,6135.0
201805,서울,디젤,302251.0
201805,서울,전기,21.0
201805,인천,LPG,10206.0
201805,인천,기타,10734.0
201805,인천,디젤,167812.0
201805,인천,전기,0.0
201805,전라,LPG,11080.0
201805,전라,기타,14332.0
201805,전라,디젤,486978.0
201805,전라,전기,0.0
201805,제주,LPG,3622.0
201805,제주,기타,712.0
201805,제주,디젤,74916.0
201805,제주,전기,19.0
201805,충청,LPG,10283.0
201805,충청,기타,13033.0
201805,충청,디젤,451711.0
201805,충청,전기,2.0
201806,강원,LPG,3952.0
201806,강원,기타,2539.0
201806,강원,디젤,146816.0
201806,강원,전기,1.0
201806,경기,LPG,37398.0
201806,경기,기타,17762.0
201806,경기,디젤,730104.0
201806,경기,전기,3.0
201806,경상,LPG,27400.0
201806,경상,기타,37146.0
201806,경상,디젤,964842.0
201806,경상,전기,7.0
201806,서울,LPG,29966.0
201806,서울,기타,6159.0
201806,서울,디젤,302421.0
201806,서울,전기,22.0
201806,인천,LPG,10127.0
201806,인천,기타,10806.0
201806,인천,디젤,168376.0
201806,인천,전기,0.0
201806,전라,LPG,11027.0
201806,전라,기타,14396.0
201806,전라,디젤,488140.0
201806,전라,전기,0.0
201806,제주,LPG,3606.0
201806,제주,기타,724.0
201806,제주,디젤,75176.0
201806,제주,전기,19.0
201806,충청,LPG,10224.0
201806,충청,기타,13168.0
201806,충청,디젤,452715.0
201806,충청,전기,2.0
201807,강원,LPG,3927.0
201807,강원,기타,2566.0
201807,강원,디젤,147469.0
201807,강원,전기,1.0
201807,경기,LPG,37094.0
201807,경기,기타,17959.0
201807,경기,디젤,732620.0
201807,경기,전기,3.0
201807,경상,LPG,27272.0
201807,경상,기타,37308.0
201807,경상,디젤,965789.0
201807,경상,전기,6.0
201807,서울,LPG,29709.0
201807,서울,기타,6210.0
201807,서울,디젤,302440.0
201807,서울,전기,22.0
201807,인천,LPG,10016.0
201807,인천,기타,10850.0
201807,인천,디젤,168948.0
201807,인천,전기,0.0
201807,전라,LPG,10980.0
201807,전라,기타,14479.0
201807,전라,디젤,489393.0
201807,전라,전기,0.0
201807,제주,LPG,3602.0
201807,제주,기타,731.0
201807,제주,디젤,75403.0
201807,제주,전기,19.0
201807,충청,LPG,10178.0
201807,충청,기타,13305.0
201807,충청,디젤,453924.0
201807,충청,전기,2.0
201808,강원,LPG,3917.0
201808,강원,기타,2592.0
201808,강원,디젤,147666.0
201808,강원,전기,1.0
201808,경기,LPG,36681.0
201808,경기,기타,18127.0
201808,경기,디젤,733364.0
201808,경기,전기,3.0
201808,경상,LPG,27137.0
201808,경상,기타,37428.0
201808,경상,디젤,965381.0
201808,경상,전기,5.0
201808,서울,LPG,29435.0
201808,서울,기타,6213.0
201808,서울,디젤,302507.0
201808,서울,전기,23.0
201808,인천,LPG,9930.0
201808,인천,기타,10884.0
201808,인천,디젤,169058.0
201808,인천,전기,0.0
201808,전라,LPG,10932.0
201808,전라,기타,14573.0
201808,전라,디젤,489993.0
201808,전라,전기,0.0
201808,제주,LPG,3556.0
201808,제주,기타,729.0
201808,제주,디젤,75501.0
201808,제주,전기,19.0
201808,충청,LPG,10079.0
201808,충청,기타,13445.0
201808,충청,디젤,454416.0
201808,충청,전기,2.0
201809,강원,LPG,3914.0
201809,강원,기타,2608.0
201809,강원,디젤,148003.0
201809,강원,전기,1.0
201809,경기,LPG,36414.0
201809,경기,기타,18275.0
201809,경기,디젤,734969.0
201809,경기,전기,3.0
201809,경상,LPG,27057.0
201809,경상,기타,37507.0
201809,경상,디젤,966007.0
201809,경상,전기,6.0
201809,서울,LPG,29191.0
201809,서울,기타,6249.0
201809,서울,디젤,303032.0
201809,서울,전기,23.0
201809,인천,LPG,9848.0
201809,인천,기타,10930.0
201809,인천,디젤,169460.0
201809,인천,전기,0.0
201809,전라,LPG,10885.0
201809,전라,기타,14697.0
201809,전라,디젤,490673.0
201809,전라,전기,0.0
201809,제주,LPG,3534.0
201809,제주,기타,730.0
201809,제주,디젤,75500.0
201809,제주,전기,19.0
201809,충청,LPG,10051.0
201809,충청,기타,13515.0
201809,충청,디젤,455364.0
201809,충청,전기,2.0
201810,강원,LPG,3887.0
201810,강원,기타,2645.0
201810,강원,디젤,148134.0
201810,강원,전기,1.0
201810,경기,LPG,36090.0
201810,경기,기타,18396.0
201810,경기,디젤,736952.0
201810,경기,전기,3.0
201810,경상,LPG,26900.0
201810,경상,기타,37624.0
201810,경상,디젤,965961.0
201810,경상,전기,6.0
201810,서울,LPG,28885.0
201810,서울,기타,6271.0
201810,서울,디젤,302783.0
201810,서울,전기,23.0
201810,인천,LPG,9767.0
201810,인천,기타,11001.0
201810,인천,디젤,169928.0
201810,인천,전기,0.0
201810,전라,LPG,10838.0
201810,전라,기타,14749.0
201810,전라,디젤,491418.0
201810,전라,전기,0.0
201810,제주,LPG,3523.0
201810,제주,기타,734.0
201810,제주,디젤,75624.0
201810,제주,전기,19.0
201810,충청,LPG,9992.0
201810,충청,기타,13602.0
201810,충청,디젤,455470.0
201810,충청,전기,2.0
201811,강원,LPG,3899.0
201811,강원,기타,2658.0
201811,강원,디젤,148388.0
201811,강원,전기,1.0
201811,경기,LPG,35815.0
201811,경기,기타,18445.0
201811,경기,디젤,739643.0
201811,경기,전기,3.0
201811,경상,LPG,26828.0
201811,경상,기타,37730.0
201811,경상,디젤,966814.0
201811,경상,전기,6.0
201811,서울,LPG,28604.0
201811,서울,기타,6305.0
201811,서울,디젤,302618.0
201811,서울,전기,23.0
201811,인천,LPG,9681.0
201811,인천,기타,11081.0
201811,인천,디젤,170328.0
201811,인천,전기,0.0
201811,전라,LPG,10813.0
201811,전라,기타,14799.0
201811,전라,디젤,492451.0
201811,전라,전기,0.0
201811,제주,LPG,3505.0
201811,제주,기타,748.0
201811,제주,디젤,75865.0
201811,제주,전기,19.0
201811,충청,LPG,9934.0
201811,충청,기타,13669.0
201811,충청,디젤,456085.0
201811,충청,전기,2.0
201812,강원,LPG,3847.0
201812,강원,기타,2665.0
201812,강원,디젤,148392.0
201812,강원,전기,1.0
201812,경기,LPG,35414.0
201812,경기,기타,18509.0
201812,경기,디젤,741657.0
201812,경기,전기,3.0
201812,경상,LPG,26661.0
201812,경상,기타,37784.0
201812,경상,디젤,967448.0
201812,경상,전기,5.0
201812,서울,LPG,28357.0
201812,서울,기타,6304.0
201812,서울,디젤,302557.0
201812,서울,전기,23.0
201812,인천,LPG,9594.0
201812,인천,기타,11106.0
201812,인천,디젤,171126.0
201812,인천,전기,0.0
201812,전라,LPG,10764.0
201812,전라,기타,14834.0
201812,전라,디젤,493295.0
201812,전라,전기,0.0
201812,제주,LPG,3492.0
201812,제주,기타,748.0
201812,제주,디젤,75958.0
201812,제주,전기,19.0
201812,충청,LPG,9904.0
201812,충청,기타,13755.0
201812,충청,디젤,456715.0
201812,충청,전기,2.0
201901,강원,LPG,3833.0
201901,강원,기타,2692.0
201901,강원,디젤,149043.0
201901,강원,전기,2.0
201901,경기,LPG,35113.0
201901,경기,기타,18551.0
201901,경기,디젤,745833.0
201901,경기,전기,3.0
201901,경상,LPG,26589.0
201901,경상,기타,37814.0
201901,경상,디젤,970318.0
201901,경상,전기,5.0
201901,서울,LPG,28148.0
201901,서울,기타,6298.0
201901,서울,디젤,303107.0
201901,서울,전기,23.0
201901,인천,LPG,9509.0
201901,인천,기타,11117.0
201901,인천,디젤,171564.0
201901,인천,전기,0.0
201901,전라,LPG,10723.0
201901,전라,기타,14892.0
201901,전라,디젤,495578.0
201901,전라,전기,0.0
201901,제주,LPG,3461.0
201901,제주,기타,756.0
201901,제주,디젤,76297.0
201901,제주,전기,19.0
201901,충청,LPG,9881.0
201901,충청,기타,13830.0
201901,충청,디젤,458773.0
201901,충청,전기,2.0
201902,강원,LPG,3810.0
201902,강원,기타,2683.0
201902,강원,디젤,149193.0
201902,강원,전기,2.0
201902,경기,LPG,34913.0
201902,경기,기타,18640.0
201902,경기,디젤,745120.0
201902,경기,전기,3.0
201902,경상,LPG,26490.0
201902,경상,기타,37906.0
201902,경상,디젤,970874.0
201902,경상,전기,5.0
201902,서울,LPG,27968.0
201902,서울,기타,6303.0
201902,서울,디젤,303011.0
201902,서울,전기,24.0
201902,인천,LPG,9475.0
201902,인천,기타,11141.0
201902,인천,디젤,171794.0
201902,인천,전기,0.0
201902,전라,LPG,10683.0
201902,전라,기타,14890.0
201902,전라,디젤,496065.0
201902,전라,전기,0.0
201902,제주,LPG,3441.0
201902,제주,기타,763.0
201902,제주,디젤,76484.0
201902,제주,전기,19.0
201902,충청,LPG,9841.0
201902,충청,기타,13839.0
201902,충청,디젤,459690.0
201902,충청,전기,2.0
201903,강원,LPG,3796.0
201903,강원,기타,2710.0
201903,강원,디젤,148727.0
201903,강원,전기,2.0
201903,경기,LPG,34732.0
201903,경기,기타,18776.0
201903,경기,디젤,744701.0
201903,경기,전기,3.0
201903,경상,LPG,26456.0
201903,경상,기타,37985.0
201903,경상,디젤,969863.0
201903,경상,전기,6.0
201903,서울,LPG,27720.0
201903,서울,기타,6319.0
201903,서울,디젤,302593.0
201903,서울,전기,24.0
201903,인천,LPG,9390.0
201903,인천,기타,11179.0
201903,인천,디젤,172038.0
201903,인천,전기,0.0
201903,전라,LPG,10652.0
201903,전라,기타,14959.0
201903,전라,디젤,495404.0
201903,전라,전기,1.0
201903,제주,LPG,3425.0
201903,제주,기타,772.0
201903,제주,디젤,76696.0
201903,제주,전기,18.0
201903,충청,LPG,9822.0
201903,충청,기타,13921.0
201903,충청,디젤,459481.0
201903,충청,전기,2.0
201904,강원,LPG,3807.0
201904,강원,기타,2722.0
201904,강원,디젤,148675.0
201904,강원,전기,2.0
201904,경기,LPG,34568.0
201904,경기,기타,18954.0
201904,경기,디젤,744627.0
201904,경기,전기,3.0
201904,경상,LPG,26506.0
201904,경상,기타,38057.0
201904,경상,디젤,968343.0
201904,경상,전기,7.0
201904,서울,LPG,27509.0
201904,서울,기타,6359.0
201904,서울,디젤,301604.0
201904,서울,전기,28.0
201904,인천,LPG,9380.0
201904,인천,기타,11217.0
201904,인천,디젤,172095.0
201904,인천,전기,0.0
201904,전라,LPG,10720.0
201904,전라,기타,15043.0
201904,전라,디젤,495158.0
201904,전라,전기,0.0
201904,제주,LPG,3417.0
201904,제주,기타,777.0
201904,제주,디젤,76059.0
201904,제주,전기,18.0
201904,충청,LPG,9874.0
201904,충청,기타,14036.0
201904,충청,디젤,458987.0
201904,충청,전기,3.0
201905,강원,LPG,3806.0
201905,강원,기타,2746.0
201905,강원,디젤,148924.0
201905,강원,전기,2.0
201905,경기,LPG,34348.0
201905,경기,기타,19116.0
201905,경기,디젤,745886.0
201905,경기,전기,12.0
201905,경상,LPG,26455.0
201905,경상,기타,38232.0
201905,경상,디젤,967991.0
201905,경상,전기,7.0
201905,서울,LPG,27301.0
201905,서울,기타,6362.0
201905,서울,디젤,300755.0
201905,서울,전기,40.0
201905,인천,LPG,9318.0
201905,인천,기타,11223.0
201905,인천,디젤,172408.0
201905,인천,전기,1.0
201905,전라,LPG,10736.0
201905,전라,기타,15127.0
201905,전라,디젤,495684.0
201905,전라,전기,0.0
201905,제주,LPG,3441.0
201905,제주,기타,785.0
201905,제주,디젤,75977.0
201905,제주,전기,18.0
201905,충청,LPG,9864.0
201905,충청,기타,14137.0
201905,충청,디젤,459006.0
201905,충청,전기,12.0
201906,강원,LPG,3792.0
201906,강원,기타,2795.0
201906,강원,디젤,149396.0
201906,강원,전기,2.0
201906,경기,LPG,34116.0
201906,경기,기타,19289.0
201906,경기,디젤,747878.0
201906,경기,전기,12.0
201906,경상,LPG,26325.0
201906,경상,기타,38353.0
201906,경상,디젤,968871.0
201906,경상,전기,8.0
201906,서울,LPG,27080.0
201906,서울,기타,6372.0
201906,서울,디젤,300379.0
201906,서울,전기,41.0
201906,인천,LPG,9257.0
201906,인천,기타,11214.0
201906,인천,디젤,172630.0
201906,인천,전기,2.0
201906,전라,LPG,10719.0
201906,전라,기타,15167.0
201906,전라,디젤,496617.0
201906,전라,전기,0.0
201906,제주,LPG,3429.0
201906,제주,기타,786.0
201906,제주,디젤,76160.0
201906,제주,전기,17.0
201906,충청,LPG,9818.0
201906,충청,기타,14247.0
201906,충청,디젤,459585.0
201906,충청,전기,13.0
201907,강원,LPG,3779.0
201907,강원,기타,2845.0
201907,강원,디젤,149830.0
201907,강원,전기,2.0
201907,경기,LPG,33911.0
201907,경기,기타,19493.0
201907,경기,디젤,749722.0
201907,경기,전기,12.0
201907,경상,LPG,26142.0
201907,경상,기타,38449.0
201907,경상,디젤,970040.0
201907,경상,전기,7.0
201907,서울,LPG,26846.0
201907,서울,기타,6402.0
201907,서울,디젤,300266.0
201907,서울,전기,42.0
201907,인천,LPG,9396.0
201907,인천,기타,11249.0
201907,인천,디젤,172776.0
201907,인천,전기,2.0
201907,전라,LPG,10708.0
201907,전라,기타,15215.0
201907,전라,디젤,497633.0
201907,전라,전기,0.0
201907,제주,LPG,3411.0
201907,제주,기타,790.0
201907,제주,디젤,76293.0
201907,제주,전기,18.0
201907,충청,LPG,9749.0
201907,충청,기타,14354.0
201907,충청,디젤,460536.0
201907,충청,전기,12.0
201908,강원,LPG,3777.0
201908,강원,기타,2876.0
201908,강원,디젤,150168.0
201908,강원,전기,2.0
201908,경기,LPG,33641.0
201908,경기,기타,19613.0
201908,경기,디젤,750351.0
201908,경기,전기,12.0
201908,경상,LPG,26023.0
201908,경상,기타,38565.0
201908,경상,디젤,970682.0
201908,경상,전기,7.0
201908,서울,LPG,26648.0
201908,서울,기타,6424.0
201908,서울,디젤,299618.0
201908,서울,전기,43.0
201908,인천,LPG,9343.0
201908,인천,기타,11347.0
201908,인천,디젤,172628.0
201908,인천,전기,2.0
201908,전라,LPG,10648.0
201908,전라,기타,15268.0
201908,전라,디젤,498677.0
201908,전라,전기,0.0
201908,제주,LPG,3400.0
201908,제주,기타,790.0
201908,제주,디젤,76426.0
201908,제주,전기,17.0
201908,충청,LPG,9689.0
201908,충청,기타,14443.0
201908,충청,디젤,460955.0
201908,충청,전기,12.0
201909,강원,LPG,3772.0
201909,강원,기타,2911.0
201909,강원,디젤,150081.0
201909,강원,전기,2.0
201909,경기,LPG,33440.0
201909,경기,기타,19778.0
201909,경기,디젤,747821.0
201909,경기,전기,13.0
201909,경상,LPG,25970.0
201909,경상,기타,38638.0
201909,경상,디젤,970614.0
201909,경상,전기,17.0
201909,서울,LPG,26476.0
201909,서울,기타,6451.0
201909,서울,디젤,299099.0
201909,서울,전기,45.0
201909,인천,LPG,9254.0
201909,인천,기타,11403.0
201909,인천,디젤,172433.0
201909,인천,전기,2.0
201909,전라,LPG,10646.0
201909,전라,기타,15309.0
201909,전라,디젤,498441.0
201909,전라,전기,0.0
201909,제주,LPG,3419.0
201909,제주,기타,789.0
201909,제주,디젤,75977.0
201909,제주,전기,17.0
201909,충청,LPG,9643.0
201909,충청,기타,14527.0
201909,충청,디젤,461395.0
201909,충청,전기,13.0
201910,강원,LPG,3817.0
201910,강원,기타,2929.0
201910,강원,디젤,149397.0
201910,강원,전기,2.0
201910,경기,LPG,33191.0
201910,경기,기타,19955.0
201910,경기,디젤,746510.0
201910,경기,전기,14.0
201910,경상,LPG,26113.0
201910,경상,기타,38803.0
201910,경상,디젤,966872.0
201910,경상,전기,17.0
201910,서울,LPG,26284.0
201910,서울,기타,6460.0
201910,서울,디젤,298754.0
201910,서울,전기,50.0
201910,인천,LPG,9151.0
201910,인천,기타,11418.0
201910,인천,디젤,172293.0
201910,인천,전기,3.0
201910,전라,LPG,10778.0
201910,전라,기타,15334.0
201910,전라,디젤,496189.0
201910,전라,전기,0.0
201910,제주,LPG,3441.0
201910,제주,기타,791.0
201910,제주,디젤,75787.0
201910,제주,전기,17.0
201910,충청,LPG,9628.0
201910,충청,기타,14612.0
201910,충청,디젤,460645.0
201910,충청,전기,13.0
201911,강원,LPG,3831.0
201911,강원,기타,2977.0
201911,강원,디젤,149067.0
201911,강원,전기,2.0
201911,경기,LPG,32963.0
201911,경기,기타,20172.0
201911,경기,디젤,747018.0
201911,경기,전기,15.0
201911,경상,LPG,26126.0
201911,경상,기타,39022.0
201911,경상,디젤,964939.0
201911,경상,전기,413.0
201911,서울,LPG,26113.0
201911,서울,기타,6510.0
201911,서울,디젤,298352.0
201911,서울,전기,172.0
201911,인천,LPG,9039.0
201911,인천,기타,11485.0
201911,인천,디젤,172178.0
201911,인천,전기,2.0
201911,전라,LPG,10800.0
201911,전라,기타,15411.0
201911,전라,디젤,494916.0
201911,전라,전기,0.0
201911,제주,LPG,3416.0
201911,제주,기타,799.0
201911,제주,디젤,75826.0
201911,제주,전기,27.0
201911,충청,LPG,9697.0
201911,충청,기타,14797.0
201911,충청,디젤,459245.0
201911,충청,전기,13.0
201912,강원,LPG,3830.0
201912,강원,기타,3012.0
201912,강원,디젤,149018.0
201912,강원,전기,2.0
201912,경기,LPG,32732.0
201912,경기,기타,20362.0
201912,경기,디젤,746787.0
201912,경기,전기,19.0
201912,경상,LPG,26055.0
201912,경상,기타,39125.0
201912,경상,디젤,963750.0
201912,경상,전기,474.0
201912,서울,LPG,25942.0
201912,서울,기타,6597.0
201912,서울,디젤,297709.0
201912,서울,전기,592.0
201912,인천,LPG,8948.0
201912,인천,기타,11517.0
201912,인천,디젤,172155.0
201912,인천,전기,2.0
201912,전라,LPG,10879.0
201912,전라,기타,15540.0
201912,전라,디젤,494489.0
201912,전라,전기,1.0
201912,제주,LPG,3411.0
201912,제주,기타,803.0
201912,제주,디젤,75803.0
201912,제주,전기,35.0
201912,충청,LPG,9781.0
201912,충청,기타,14942.0
201912,충청,디젤,458259.0
201912,충청,전기,15.0
202001,강원,LPG,3867.0
202001,강원,기타,3089.0
202001,강원,디젤,149301.0
202001,강원,전기,2.0
202001,경기,LPG,32610.0
202001,경기,기타,20748.0
202001,경기,디젤,747888.0
202001,경기,전기,20.0
202001,경상,LPG,26071.0
202001,경상,기타,39385.0
202001,경상,디젤,965280.0
202001,경상,전기,475.0
202001,서울,LPG,25814.0
202001,서울,기타,6676.0
202001,서울,디젤,298071.0
202001,서울,전기,808.0
202001,인천,LPG,8857.0
202001,인천,기타,11616.0
202001,인천,디젤,172230.0
202001,인천,전기,43.0
202001,전라,LPG,10952.0
202001,전라,기타,15704.0
202001,전라,디젤,495726.0
202001,전라,전기,46.0
202001,제주,LPG,3415.0
202001,제주,기타,821.0
202001,제주,디젤,75610.0
202001,제주,전기,123.0
202001,충청,LPG,9947.0
202001,충청,기타,15179.0
202001,충청,디젤,458859.0
202001,충청,전기,44.0
202002,강원,LPG,3858.0
202002,강원,기타,3130.0
202002,강원,디젤,149482.0
202002,강원,전기,7.0
202002,경기,LPG,32506.0
202002,경기,기타,20951.0
202002,경기,디젤,746608.0
202002,경기,전기,216.0
202002,경상,LPG,25986.0
202002,경상,기타,39542.0
202002,경상,디젤,965988.0
202002,경상,전기,620.0
202002,서울,LPG,25644.0
202002,서울,기타,6732.0
202002,서울,디젤,297401.0
202002,서울,전기,975.0
202002,인천,LPG,8762.0
202002,인천,기타,11694.0
202002,인천,디젤,172004.0
202002,인천,전기,79.0
202002,전라,LPG,10922.0
202002,전라,기타,15832.0
202002,전라,디젤,496514.0
202002,전라,전기,86.0
202002,제주,LPG,3423.0
202002,제주,기타,848.0
202002,제주,디젤,75446.0
202002,제주,전기,432.0
202002,충청,LPG,9953.0
202002,충청,기타,15318.0
202002,충청,디젤,459640.0
202002,충청,전기,80.0
202003,강원,LPG,3948.0
202003,강원,기타,3185.0
202003,강원,디젤,149233.0
202003,강원,전기,30.0
202003,경기,LPG,32489.0
202003,경기,기타,21156.0
202003,경기,디젤,746881.0
202003,경기,전기,397.0
202003,경상,LPG,26246.0
202003,경상,기타,39716.0
202003,경상,디젤,963335.0
202003,경상,전기,1122.0
202003,서울,LPG,25485.0
202003,서울,기타,6805.0
202003,서울,디젤,297573.0
202003,서울,전기,1233.0
202003,인천,LPG,8673.0
202003,인천,기타,11793.0
202003,인천,디젤,171897.0
202003,인천,전기,187.0
202003,전라,LPG,11082.0
202003,전라,기타,15946.0
202003,전라,디젤,495672.0
202003,전라,전기,302.0
202003,제주,LPG,3410.0
202003,제주,기타,853.0
202003,제주,디젤,75573.0
202003,제주,전기,544.0
202003,충청,LPG,10037.0
202003,충청,기타,15455.0
202003,충청,디젤,459397.0
202003,충청,전기,214.0
202004,강원,LPG,3955.0
202004,강원,기타,3259.0
202004,강원,디젤,149429.0
202004,강원,전기,52.0
202004,경기,LPG,32406.0
202004,경기,기타,21405.0
202004,경기,디젤,747666.0
202004,경기,전기,445.0
202004,경상,LPG,26433.0
202004,경상,기타,40007.0
202004,경상,디젤,961907.0
202004,경상,전기,1520.0
202004,서울,LPG,25303.0
202004,서울,기타,6849.0
202004,서울,디젤,297235.0
202004,서울,전기,1469.0
202004,인천,LPG,8593.0
202004,인천,기타,11853.0
202004,인천,디젤,171942.0
202004,인천,전기,188.0
202004,전라,LPG,11213.0
202004,전라,기타,16072.0
202004,전라,디젤,494461.0
202004,전라,전기,355.0
202004,제주,LPG,3410.0
202004,제주,기타,869.0
202004,제주,디젤,75238.0
202004,제주,전기,714.0
202004,충청,LPG,10248.0
202004,충청,기타,15705.0
202004,충청,디젤,457864.0
202004,충청,전기,340.0
202005,강원,LPG,3975.0
202005,강원,기타,3324.0
202005,강원,디젤,149695.0
202005,강원,전기,72.0
202005,경기,LPG,32309.0
202005,경기,기타,21736.0
202005,경기,디젤,748334.0
202005,경기,전기,472.0
202005,경상,LPG,26503.0
202005,경상,기타,40329.0
202005,경상,디젤,960164.0
202005,경상,전기,1836.0
202005,서울,LPG,25139.0
202005,서울,기타,6921.0
202005,서울,디젤,296947.0
202005,서울,전기,1609.0
202005,인천,LPG,8521.0
202005,인천,기타,11922.0
202005,인천,디젤,172015.0
202005,인천,전기,188.0
202005,전라,LPG,11355.0
202005,전라,기타,16220.0
202005,전라,디젤,494213.0
202005,전라,전기,380.0
202005,제주,LPG,3398.0
202005,제주,기타,877.0
202005,제주,디젤,75134.0
202005,제주,전기,876.0
202005,충청,LPG,10382.0
202005,충청,기타,15896.0
202005,충청,디젤,457355.0
202005,충청,전기,416.0
202006,강원,LPG,4024.0
202006,강원,기타,3389.0
202006,강원,디젤,150098.0
202006,강원,전기,78.0
202006,경기,LPG,32263.0
202006,경기,기타,22146.0
202006,경기,디젤,750364.0
202006,경기,전기,540.0
202006,경상,LPG,26843.0
202006,경상,기타,40664.0
202006,경상,디젤,959746.0
202006,경상,전기,2066.0
202006,서울,LPG,25001.0
202006,서울,기타,6977.0
202006,서울,디젤,297004.0
202006,서울,전기,1636.0
202006,인천,LPG,8409.0
202006,인천,기타,12006.0
202006,인천,디젤,170924.0
202006,인천,전기,187.0
202006,전라,LPG,11580.0
202006,전라,기타,16363.0
202006,전라,디젤,494750.0
202006,전라,전기,411.0
202006,제주,LPG,3384.0
202006,제주,기타,892.0
202006,제주,디젤,75169.0
202006,제주,전기,931.0
202006,충청,LPG,10498.0
202006,충청,기타,16097.0
202006,충청,디젤,457617.0
202006,충청,전기,445.0
202007,강원,LPG,4061.0
202007,강원,기타,3463.0
202007,강원,디젤,150526.0
202007,강원,전기,83.0
202007,경기,LPG,32182.0
202007,경기,기타,22484.0
202007,경기,디젤,750636.0
202007,경기,전기,581.0
202007,경상,LPG,27080.0
202007,경상,기타,41001.0
202007,경상,디젤,959946.0
202007,경상,전기,2114.0
202007,서울,LPG,24839.0
202007,서울,기타,7040.0
202007,서울,디젤,296923.0
202007,서울,전기,1647.0
202007,인천,LPG,8336.0
202007,인천,기타,12212.0
202007,인천,디젤,172013.0
202007,인천,전기,187.0
202007,전라,LPG,11862.0
202007,전라,기타,16536.0
202007,전라,디젤,495579.0
202007,전라,전기,485.0
202007,제주,LPG,3412.0
202007,제주,기타,893.0
202007,제주,디젤,75147.0
202007,제주,전기,1230.0
202007,충청,LPG,10627.0
202007,충청,기타,16358.0
202007,충청,디젤,458042.0
202007,충청,전기,472.0
202008,강원,LPG,4088.0
202008,강원,기타,3528.0
202008,강원,디젤,150487.0
202008,강원,전기,84.0
202008,경기,LPG,32162.0
202008,경기,기타,22775.0
202008,경기,디젤,751096.0
202008,경기,전기,612.0
202008,경상,LPG,27120.0
202008,경상,기타,41182.0
202008,경상,디젤,958754.0
202008,경상,전기,2274.0
202008,서울,LPG,24724.0
202008,서울,기타,7105.0
202008,서울,디젤,297010.0
202008,서울,전기,1662.0
202008,인천,LPG,8244.0
202008,인천,기타,12244.0
202008,인천,디젤,171880.0
202008,인천,전기,188.0
202008,전라,LPG,11905.0
202008,전라,기타,16610.0
202008,전라,디젤,495221.0
202008,전라,전기,512.0
202008,제주,LPG,3403.0
202008,제주,기타,897.0
202008,제주,디젤,74992.0
202008,제주,전기,1737.0
202008,충청,LPG,10688.0
202008,충청,기타,16559.0
202008,충청,디젤,457979.0
202008,충청,전기,517.0
202009,강원,LPG,4105.0
202009,강원,기타,3553.0
202009,강원,디젤,150635.0
202009,강원,전기,236.0
202009,경기,LPG,32026.0
202009,경기,기타,23072.0
202009,경기,디젤,751741.0
202009,경기,전기,960.0
202009,경상,LPG,27077.0
202009,경상,기타,41362.0
202009,경상,디젤,958352.0
202009,경상,전기,2989.0
202009,서울,LPG,24585.0
202009,서울,기타,7132.0
202009,서울,디젤,298008.0
202009,서울,전기,1704.0
202009,인천,LPG,8180.0
202009,인천,기타,12313.0
202009,인천,디젤,171896.0
202009,인천,전기,403.0
202009,전라,LPG,11966.0
202009,전라,기타,16793.0
202009,전라,디젤,495463.0
202009,전라,전기,593.0
202009,제주,LPG,3390.0
202009,제주,기타,901.0
202009,제주,디젤,75013.0
202009,제주,전기,2027.0
202009,충청,LPG,10771.0
202009,충청,기타,16755.0
202009,충청,디젤,457701.0
202009,충청,전기,1168.0
202010,강원,LPG,4112.0
202010,강원,기타,3605.0
202010,강원,디젤,150754.0
202010,강원,전기,442.0
202010,경기,LPG,31946.0
202010,경기,기타,23443.0
202010,경기,디젤,752410.0
202010,경기,전기,1543.0
202010,경상,LPG,27168.0
202010,경상,기타,41606.0
202010,경상,디젤,956398.0
202010,경상,전기,3748.0
202010,서울,LPG,24448.0
202010,서울,기타,7201.0
202010,서울,디젤,297750.0
202010,서울,전기,1972.0
202010,인천,LPG,8110.0
202010,인천,기타,12486.0
202010,인천,디젤,171955.0
202010,인천,전기,416.0
202010,전라,LPG,12125.0
202010,전라,기타,16977.0
202010,전라,디젤,495268.0
202010,전라,전기,797.0
202010,제주,LPG,3380.0
202010,제주,기타,914.0
202010,제주,디젤,74971.0
202010,제주,전기,2114.0
202010,충청,LPG,10851.0
202010,충청,기타,16995.0
202010,충청,디젤,456843.0
202010,충청,전기,1578.0
202011,강원,LPG,4126.0
202011,강원,기타,3666.0
202011,강원,디젤,150747.0
202011,강원,전기,617.0
202011,경기,LPG,31987.0
202011,경기,기타,23877.0
202011,경기,디젤,753136.0
202011,경기,전기,1806.0
202011,경상,LPG,27240.0
202011,경상,기타,41942.0
202011,경상,디젤,955357.0
202011,경상,전기,4362.0
202011,서울,LPG,24355.0
202011,서울,기타,7279.0
202011,서울,디젤,297142.0
202011,서울,전기,2075.0
202011,인천,LPG,8147.0
202011,인천,기타,12665.0
202011,인천,디젤,172032.0
202011,인천,전기,414.0
202011,전라,LPG,12255.0
202011,전라,기타,17114.0
202011,전라,디젤,495162.0
202011,전라,전기,1011.0
202011,제주,LPG,3385.0
202011,제주,기타,920.0
202011,제주,디젤,75048.0
202011,제주,전기,2130.0
202011,충청,LPG,10919.0
202011,충청,기타,17266.0
202011,충청,디젤,455981.0
202011,충청,전기,1817.0
202012,강원,LPG,4135.0
202012,강원,기타,3748.0
202012,강원,디젤,150737.0
202012,강원,전기,727.0
202012,경기,LPG,31868.0
202012,경기,기타,24230.0
202012,경기,디젤,753286.0
202012,경기,전기,1968.0
202012,경상,LPG,27202.0
202012,경상,기타,42222.0
202012,경상,디젤,954466.0
202012,경상,전기,4726.0
202012,서울,LPG,24201.0
202012,서울,기타,7390.0
202012,서울,디젤,296124.0
202012,서울,전기,2228.0
202012,인천,LPG,8073.0
202012,인천,기타,12817.0
202012,인천,디젤,171909.0
202012,인천,전기,462.0
202012,전라,LPG,12260.0
202012,전라,기타,17200.0
202012,전라,디젤,494836.0
202012,전라,전기,1183.0
202012,제주,LPG,3378.0
202012,제주,기타,952.0
202012,제주,디젤,75113.0
202012,제주,전기,2145.0
202012,충청,LPG,10954.0
202012,충청,기타,17549.0
202012,충청,디젤,455159.0
202012,충청,전기,1997.0
202101,강원,LPG,4150.0
202101,강원,기타,3815.0
202101,강원,디젤,150996.0
202101,강원,전기,724.0
202101,경기,LPG,31824.0
202101,경기,기타,24625.0
202101,경기,디젤,755781.0
202101,경기,전기,2028.0
202101,경상,LPG,27165.0
202101,경상,기타,42584.0
202101,경상,디젤,955864.0
202101,경상,전기,4769.0
202101,서울,LPG,24163.0
202101,서울,기타,7436.0
202101,서울,디젤,296143.0
202101,서울,전기,2296.0
202101,인천,LPG,8063.0
202101,인천,기타,12906.0
202101,인천,디젤,172125.0
202101,인천,전기,477.0
202101,전라,LPG,12299.0
202101,전라,기타,17343.0
202101,전라,디젤,496258.0
202101,전라,전기,1229.0
202101,제주,LPG,3360.0
202101,제주,기타,969.0
202101,제주,디젤,75234.0
202101,제주,전기,2147.0
202101,충청,LPG,11000.0
202101,충청,기타,17724.0
202101,충청,디젤,455802.0
202101,충청,전기,2086.0
202102,강원,LPG,4169.0
202102,강원,기타,3862.0
202102,강원,디젤,151772.0
202102,강원,전기,730.0
202102,경기,LPG,31906.0
202102,경기,기타,24851.0
202102,경기,디젤,756251.0
202102,경기,전기,2233.0
202102,경상,LPG,27168.0
202102,경상,기타,42770.0
202102,경상,디젤,956277.0
202102,경상,전기,5280.0
202102,서울,LPG,24040.0
202102,서울,기타,7463.0
202102,서울,디젤,295593.0
202102,서울,전기,2304.0
202102,인천,LPG,8042.0
202102,인천,기타,12992.0
202102,인천,디젤,171919.0
202102,인천,전기,491.0
202102,전라,LPG,12305.0
202102,전라,기타,17428.0
202102,전라,디젤,496966.0
202102,전라,전기,1340.0
202102,제주,LPG,3367.0
202102,제주,기타,984.0
202102,제주,디젤,75287.0
202102,제주,전기,2305.0
202102,충청,LPG,11072.0
202102,충청,기타,17857.0
202102,충청,디젤,456038.0
202102,충청,전기,2499.0
202103,강원,LPG,4244.0
202103,강원,기타,3900.0
202103,강원,디젤,151794.0
202103,강원,전기,847.0
202103,경기,LPG,32269.0
202103,경기,기타,25141.0
202103,경기,디젤,753967.0
202103,경기,전기,3614.0
202103,경상,LPG,27663.0
202103,경상,기타,42981.0
202103,경상,디젤,955737.0
202103,경상,전기,6549.0
202103,서울,LPG,23982.0
202103,서울,기타,7548.0
202103,서울,디젤,295074.0
202103,서울,전기,2715.0
202103,인천,LPG,7986.0
202103,인천,기타,13128.0
202103,인천,디젤,171595.0
202103,인천,전기,858.0
202103,전라,LPG,12450.0
202103,전라,기타,17587.0
202103,전라,디젤,497154.0
202103,전라,전기,1797.0
202103,제주,LPG,3349.0
202103,제주,기타,1011.0
202103,제주,디젤,75287.0
202103,제주,전기,2769.0
202103,충청,LPG,11302.0
202103,충청,기타,18045.0
202103,충청,디젤,456218.0
202103,충청,전기,3091.0
202104,강원,LPG,4285.0
202104,강원,기타,3941.0
202104,강원,디젤,150658.0
202104,강원,전기,983.0
202104,경기,LPG,32123.0
202104,경기,기타,25481.0
202104,경기,디젤,754191.0
202104,경기,전기,4110.0
202104,경상,LPG,28051.0
202104,경상,기타,43235.0
202104,경상,디젤,950684.0
202104,경상,전기,7018.0
202104,서울,LPG,23810.0
202104,서울,기타,7600.0
202104,서울,디젤,294097.0
202104,서울,전기,3082.0
202104,인천,LPG,7956.0
202104,인천,기타,13236.0
202104,인천,디젤,171852.0
202104,인천,전기,967.0
202104,전라,LPG,12807.0
202104,전라,기타,17743.0
202104,전라,디젤,493175.0
202104,전라,전기,2397.0
202104,제주,LPG,3363.0
202104,제주,기타,1025.0
202104,제주,디젤,74413.0
202104,제주,전기,2914.0
202104,충청,LPG,11487.0
202104,충청,기타,18251.0
202104,충청,디젤,453155.0
202104,충청,전기,3441.0
202105,강원,LPG,4305.0
202105,강원,기타,3995.0
202105,강원,디젤,150246.0
202105,강원,전기,1060.0
202105,경기,LPG,31949.0
202105,경기,기타,25766.0
202105,경기,디젤,754385.0
202105,경기,전기,4452.0
202105,경상,LPG,28229.0
202105,경상,기타,43431.0
202105,경상,디젤,945725.0
202105,경상,전기,7448.0
202105,서울,LPG,23594.0
202105,서울,기타,7628.0
202105,서울,디젤,293576.0
202105,서울,전기,3251.0
202105,인천,LPG,7889.0
202105,인천,기타,13298.0
202105,인천,디젤,171580.0
202105,인천,전기,1057.0
202105,전라,LPG,13025.0
202105,전라,기타,17867.0
202105,전라,디젤,490795.0
202105,전라,전기,2736.0
202105,제주,LPG,3380.0
202105,제주,기타,1033.0
202105,제주,디젤,73902.0
202105,제주,전기,3041.0
202105,충청,LPG,11674.0
202105,충청,기타,18398.0
202105,충청,디젤,449831.0
202105,충청,전기,3631.0
202106,강원,LPG,4324.0
202106,강원,기타,4055.0
202106,강원,디젤,150263.0
202106,강원,전기,1197.0
202106,경기,LPG,31749.0
202106,경기,기타,26082.0
202106,경기,디젤,755616.0
202106,경기,전기,4959.0
202106,경상,LPG,28468.0
202106,경상,기타,43700.0
202106,경상,디젤,943915.0
202106,경상,전기,7993.0
202106,서울,LPG,23435.0
202106,서울,기타,7683.0
202106,서울,디젤,293326.0
202106,서울,전기,3444.0
202106,인천,LPG,7796.0
202106,인천,기타,13447.0
202106,인천,디젤,171691.0
202106,인천,전기,1167.0
202106,전라,LPG,13326.0
202106,전라,기타,18009.0
202106,전라,디젤,490106.0
202106,전라,전기,3086.0
202106,제주,LPG,3397.0
202106,제주,기타,1046.0
202106,제주,디젤,73700.0
202106,제주,전기,3250.0
202106,충청,LPG,11852.0
202106,충청,기타,18608.0
202106,충청,디젤,448814.0
202106,충청,전기,4010.0
202107,강원,LPG,4348.0
202107,강원,기타,4122.0
202107,강원,디젤,150355.0
202107,강원,전기,1286.0
202107,경기,LPG,31615.0
202107,경기,기타,26534.0
202107,경기,디젤,756940.0
202107,경기,전기,5433.0
202107,경상,LPG,28890.0
202107,경상,기타,43986.0
202107,경상,디젤,944187.0
202107,경상,전기,8630.0
202107,서울,LPG,23254.0
202107,서울,기타,7762.0
202107,서울,디젤,293108.0
202107,서울,전기,3657.0
202107,인천,LPG,7737.0
202107,인천,기타,13532.0
202107,인천,디젤,171659.0
202107,인천,전기,1265.0
202107,전라,LPG,13544.0
202107,전라,기타,18166.0
202107,전라,디젤,490417.0
202107,전라,전기,3418.0
202107,제주,LPG,3430.0
202107,제주,기타,1066.0
202107,제주,디젤,73935.0
202107,제주,전기,3437.0
202107,충청,LPG,12109.0
202107,충청,기타,18873.0
202107,충청,디젤,449361.0
202107,충청,전기,4515.0
202108,강원,LPG,4397.0
202108,강원,기타,4195.0
202108,강원,디젤,150213.0
202108,강원,전기,1347.0
202108,경기,LPG,31641.0
202108,경기,기타,26960.0
202108,경기,디젤,757873.0
202108,경기,전기,5837.0
202108,경상,LPG,29188.0
202108,경상,기타,44257.0
202108,경상,디젤,943355.0
202108,경상,전기,9092.0
202108,서울,LPG,23090.0
202108,서울,기타,7861.0
202108,서울,디젤,292696.0
202108,서울,전기,3804.0
202108,인천,LPG,7711.0
202108,인천,기타,13649.0
202108,인천,디젤,171550.0
202108,인천,전기,1350.0
202108,전라,LPG,13725.0
202108,전라,기타,18301.0
202108,전라,디젤,490373.0
202108,전라,전기,3653.0
202108,제주,LPG,3434.0
202108,제주,기타,1110.0
202108,제주,디젤,73978.0
202108,제주,전기,3566.0
202108,충청,LPG,12264.0
202108,충청,기타,19156.0
202108,충청,디젤,449280.0
202108,충청,전기,4827.0
202109,강원,LPG,4442.0
202109,강원,기타,4276.0
202109,강원,디젤,150164.0
202109,강원,전기,1397.0
202109,경기,LPG,31731.0
202109,경기,기타,27351.0
202109,경기,디젤,758437.0
202109,경기,전기,6156.0
202109,경상,LPG,29610.0
202109,경상,기타,44568.0
202109,경상,디젤,942062.0
202109,경상,전기,9544.0
202109,서울,LPG,22978.0
202109,서울,기타,7970.0
202109,서울,디젤,292173.0
202109,서울,전기,3937.0
202109,인천,LPG,7670.0
202109,인천,기타,13761.0
202109,인천,디젤,171477.0
202109,인천,전기,1440.0
202109,전라,LPG,14002.0
202109,전라,기타,18469.0
202109,전라,디젤,490239.0
202109,전라,전기,3943.0
202109,제주,LPG,3440.0
202109,제주,기타,1133.0
202109,제주,디젤,74146.0
202109,제주,전기,3670.0
202109,충청,LPG,12504.0
202109,충청,기타,19416.0
202109,충청,디젤,449304.0
202109,충청,전기,5028.0
202110,강원,LPG,4499.0
202110,강원,기타,4311.0
202110,강원,디젤,150023.0
202110,강원,전기,1481.0
202110,경기,LPG,31809.0
202110,경기,기타,27600.0
202110,경기,디젤,757870.0
202110,경기,전기,6657.0
202110,경상,LPG,29888.0
202110,경상,기타,44819.0
202110,경상,디젤,940075.0
202110,경상,전기,10049.0
202110,서울,LPG,22874.0
202110,서울,기타,8038.0
202110,서울,디젤,291397.0
202110,서울,전기,4067.0
202110,인천,LPG,7648.0
202110,인천,기타,13847.0
202110,인천,디젤,171275.0
202110,인천,전기,1561.0
202110,전라,LPG,14278.0
202110,전라,기타,18582.0
202110,전라,디젤,489718.0
202110,전라,전기,4241.0
202110,제주,LPG,3469.0
202110,제주,기타,1149.0
202110,제주,디젤,74107.0
202110,제주,전기,3783.0
202110,충청,LPG,12627.0
202110,충청,기타,19654.0
202110,충청,디젤,448371.0
202110,충청,전기,5566.0
202111,강원,LPG,4528.0
202111,강원,기타,4371.0
202111,강원,디젤,150021.0
202111,강원,전기,1701.0
202111,경기,LPG,31952.0
202111,경기,기타,27864.0
202111,경기,디젤,758227.0
202111,경기,전기,7178.0
202111,경상,LPG,30113.0
202111,경상,기타,45000.0
202111,경상,디젤,939298.0
202111,경상,전기,10853.0
202111,서울,LPG,22822.0
202111,서울,기타,8070.0
202111,서울,디젤,291306.0
202111,서울,전기,4378.0
202111,인천,LPG,7613.0
202111,인천,기타,13950.0
202111,인천,디젤,171187.0
202111,인천,전기,1797.0
202111,전라,LPG,14499.0
202111,전라,기타,18643.0
202111,전라,디젤,489534.0
202111,전라,전기,4752.0
202111,제주,LPG,3463.0
202111,제주,기타,1164.0
202111,제주,디젤,74230.0
202111,제주,전기,3983.0
202111,충청,LPG,12862.0
202111,충청,기타,19821.0
202111,충청,디젤,447872.0
202111,충청,전기,5895.0
202112,강원,LPG,4544.0
202112,강원,기타,4427.0
202112,강원,디젤,149964.0
202112,강원,전기,2104.0
202112,경기,LPG,32029.0
202112,경기,기타,28047.0
202112,경기,디젤,758727.0
202112,경기,전기,7537.0
202112,경상,LPG,30358.0
202112,경상,기타,45159.0
202112,경상,디젤,938884.0
202112,경상,전기,11445.0
202112,서울,LPG,22718.0
202112,서울,기타,8120.0
202112,서울,디젤,290800.0
202112,서울,전기,4787.0
202112,인천,LPG,7604.0
202112,인천,기타,14018.0
202112,인천,디젤,171077.0
202112,인천,전기,1827.0
202112,전라,LPG,14582.0
202112,전라,기타,18722.0
202112,전라,디젤,489327.0
202112,전라,전기,5021.0
202112,제주,LPG,3465.0
202112,제주,기타,1194.0
202112,제주,디젤,74499.0
202112,제주,전기,4030.0
202112,충청,LPG,12953.0
202112,충청,기타,19940.0
202112,충청,디젤,447880.0
202112,충청,전기,6186.0
202201,강원,LPG,4583.0
202201,강원,기타,4476.0
202201,강원,디젤,150278.0
202201,강원,전기,2210.0
202201,경기,LPG,32163.0
202201,경기,기타,28264.0
202201,경기,디젤,760799.0
202201,경기,전기,7561.0
202201,경상,LPG,30814.0
202201,경상,기타,45417.0
202201,경상,디젤,940669.0
202201,경상,전기,11479.0
202201,서울,LPG,22673.0
202201,서울,기타,8147.0
202201,서울,디젤,290735.0
202201,서울,전기,4834.0
202201,인천,LPG,7613.0
202201,인천,기타,14079.0
202201,인천,디젤,171286.0
202201,인천,전기,1833.0
202201,전라,LPG,14747.0
202201,전라,기타,18848.0
202201,전라,디젤,490455.0
202201,전라,전기,5018.0
202201,제주,LPG,3475.0
202201,제주,기타,1218.0
202201,제주,디젤,74809.0
202201,제주,전기,4031.0
202201,충청,LPG,13071.0
202201,충청,기타,20070.0
202201,충청,디젤,449226.0
202201,충청,전기,6194.0
202202,강원,LPG,4598.0
202202,강원,기타,4522.0
202202,강원,디젤,150697.0
202202,강원,전기,2319.0
202202,경기,LPG,32170.0
202202,경기,기타,28541.0
202202,경기,디젤,761862.0
202202,경기,전기,7915.0
202202,경상,LPG,31095.0
202202,경상,기타,45610.0
202202,경상,디젤,941371.0
202202,경상,전기,13135.0
202202,서울,LPG,22592.0
202202,서울,기타,8182.0
202202,서울,디젤,290498.0
202202,서울,전기,4860.0
202202,인천,LPG,7590.0
202202,인천,기타,14123.0
202202,인천,디젤,171401.0
202202,인천,전기,1916.0
202202,전라,LPG,14850.0
202202,전라,기타,18909.0
202202,전라,디젤,491155.0
202202,전라,전기,5390.0
202202,제주,LPG,3482.0
202202,제주,기타,1236.0
202202,제주,디젤,75203.0
202202,제주,전기,4410.0
202202,충청,LPG,13136.0
202202,충청,기타,20209.0
202202,충청,디젤,450030.0
202202,충청,전기,6775.0
202203,강원,LPG,4607.0
202203,강원,기타,4567.0
202203,강원,디젤,150988.0
202203,강원,전기,2441.0
202203,경기,LPG,32148.0
202203,경기,기타,28799.0
202203,경기,디젤,761966.0
202203,경기,전기,9390.0
202203,경상,LPG,31335.0
202203,경상,기타,45851.0
202203,경상,디젤,940239.0
202203,경상,전기,14017.0
202203,서울,LPG,22454.0
202203,서울,기타,8241.0
202203,서울,디젤,290026.0
202203,서울,전기,5107.0
202203,인천,LPG,7550.0
202203,인천,기타,14164.0
202203,인천,디젤,171473.0
202203,인천,전기,2190.0
202203,전라,LPG,14904.0
202203,전라,기타,19025.0
202203,전라,디젤,491582.0
202203,전라,전기,5930.0
202203,제주,LPG,3474.0
202203,제주,기타,1254.0
202203,제주,디젤,75621.0
202203,제주,전기,4702.0
202203,충청,LPG,13228.0
202203,충청,기타,20317.0
202203,충청,디젤,450443.0
202203,충청,전기,7376.0
202204,강원,LPG,4621.0
202204,강원,기타,4622.0
202204,강원,디젤,150884.0
202204,강원,전기,2541.0
202204,경기,LPG,32092.0
202204,경기,기타,29038.0
202204,경기,디젤,763256.0
202204,경기,전기,10788.0
202204,경상,LPG,31674.0
202204,경상,기타,45990.0
202204,경상,디젤,938391.0
202204,경상,전기,14613.0
202204,서울,LPG,22325.0
202204,서울,기타,8288.0
202204,서울,디젤,289300.0
202204,서울,전기,5651.0
202204,인천,LPG,7484.0
202204,인천,기타,14192.0
202204,인천,디젤,171490.0
202204,인천,전기,2492.0
202204,전라,LPG,15151.0
202204,전라,기타,19072.0
202204,전라,디젤,490291.0
202204,전라,전기,6424.0
202204,제주,LPG,3477.0
202204,제주,기타,1270.0
202204,제주,디젤,75922.0
202204,제주,전기,4757.0
202204,충청,LPG,13438.0
202204,충청,기타,20445.0
202204,충청,디젤,449548.0
202204,충청,전기,7920.0
202205,강원,LPG,4649.0
202205,강원,기타,4679.0
202205,강원,디젤,150507.0
202205,강원,전기,2748.0
202205,경기,LPG,32009.0
202205,경기,기타,29316.0
202205,경기,디젤,764191.0
202205,경기,전기,11578.0
202205,경상,LPG,32037.0
202205,경상,기타,46158.0
202205,경상,디젤,936149.0
202205,경상,전기,15449.0
202205,서울,LPG,22257.0
202205,서울,기타,8319.0
202205,서울,디젤,288858.0
202205,서울,전기,5986.0
202205,인천,LPG,7450.0
202205,인천,기타,14218.0
202205,인천,디젤,171759.0
202205,인천,전기,2718.0
202205,전라,LPG,15388.0
202205,전라,기타,19148.0
202205,전라,디젤,489319.0
202205,전라,전기,6910.0
202205,제주,LPG,3479.0
202205,제주,기타,1271.0
202205,제주,디젤,75684.0
202205,제주,전기,4868.0
202205,충청,LPG,13597.0
202205,충청,기타,20624.0
202205,충청,디젤,448957.0
202205,충청,전기,8574.0
202206,강원,LPG,4676.0
202206,강원,기타,4703.0
202206,강원,디젤,150462.0
202206,강원,전기,2966.0
202206,경기,LPG,31889.0
202206,경기,기타,29529.0
202206,경기,디젤,764563.0
202206,경기,전기,12187.0
202206,경상,LPG,32198.0
202206,경상,기타,46344.0
202206,경상,디젤,935506.0
202206,경상,전기,16284.0
202206,서울,LPG,22155.0
202206,서울,기타,8389.0
202206,서울,디젤,288597.0
202206,서울,전기,6314.0
202206,인천,LPG,7403.0
202206,인천,기타,14248.0
202206,인천,디젤,171827.0
202206,인천,전기,2757.0
202206,전라,LPG,15457.0
202206,전라,기타,19210.0
202206,전라,디젤,488811.0
202206,전라,전기,7432.0
202206,제주,LPG,3488.0
202206,제주,기타,1301.0
202206,제주,디젤,75328.0
202206,제주,전기,5027.0
202206,충청,LPG,13659.0
202206,충청,기타,20737.0
202206,충청,디젤,448908.0
202206,충청,전기,8947.0
202207,강원,LPG,4679.0
202207,강원,기타,4736.0
202207,강원,디젤,150608.0
202207,강원,전기,3295.0
202207,경기,LPG,31676.0
202207,경기,기타,29790.0
202207,경기,디젤,766756.0
202207,경기,전기,13014.0
202207,경상,LPG,32274.0
202207,경상,기타,46560.0
202207,경상,디젤,936108.0
202207,경상,전기,17325.0
202207,서울,LPG,22033.0
202207,서울,기타,8446.0
202207,서울,디젤,287974.0
202207,서울,전기,6595.0
202207,인천,LPG,7352.0
202207,인천,기타,14325.0
202207,인천,디젤,172196.0
202207,인천,전기,3080.0
202207,전라,LPG,15487.0
202207,전라,기타,19389.0
202207,전라,디젤,489596.0
202207,전라,전기,8064.0
202207,제주,LPG,3492.0
202207,제주,기타,1312.0
202207,제주,디젤,75395.0
202207,제주,전기,5254.0
202207,충청,LPG,13679.0
202207,충청,기타,20851.0
202207,충청,디젤,449342.0
202207,충청,전기,9705.0
202208,강원,LPG,4685.0
202208,강원,기타,4774.0
202208,강원,디젤,150664.0
202208,강원,전기,3526.0
202208,경기,LPG,31588.0
202208,경기,기타,30029.0
202208,경기,디젤,767517.0
202208,경기,전기,13567.0
202208,경상,LPG,32586.0
202208,경상,기타,46772.0
202208,경상,디젤,935993.0
202208,경상,전기,18299.0
202208,서울,LPG,21864.0
202208,서울,기타,8483.0
202208,서울,디젤,287297.0
202208,서울,전기,6857.0
202208,인천,LPG,7288.0
202208,인천,기타,14358.0
202208,인천,디젤,172591.0
202208,인천,전기,3365.0
202208,전라,LPG,15680.0
202208,전라,기타,19448.0
202208,전라,디젤,489665.0
202208,전라,전기,8738.0
202208,제주,LPG,3479.0
202208,제주,기타,1321.0
202208,제주,디젤,75604.0
202208,제주,전기,5475.0
202208,충청,LPG,13841.0
202208,충청,기타,20937.0
202208,충청,디젤,450128.0
202208,충청,전기,10038.0
202209,강원,LPG,4728.0
202209,강원,기타,4824.0
202209,강원,디젤,150761.0
202209,강원,전기,3808.0
202209,경기,LPG,31622.0
202209,경기,기타,30195.0
202209,경기,디젤,768307.0
202209,경기,전기,13995.0
202209,경상,LPG,33078.0
202209,경상,기타,46982.0
202209,경상,디젤,935350.0
202209,경상,전기,19746.0
202209,서울,LPG,21751.0
202209,서울,기타,8515.0
202209,서울,디젤,286797.0
202209,서울,전기,7193.0
202209,인천,LPG,7286.0
202209,인천,기타,14399.0
202209,인천,디젤,172966.0
202209,인천,전기,3403.0
202209,전라,LPG,15890.0
202209,전라,기타,19524.0
202209,전라,디젤,490264.0
202209,전라,전기,9418.0
202209,제주,LPG,3485.0
202209,제주,기타,1340.0
202209,제주,디젤,75821.0
202209,제주,전기,5759.0
202209,충청,LPG,14033.0
202209,충청,기타,21089.0
202209,충청,디젤,450526.0
202209,충청,전기,10488.0
202210,강원,LPG,4769.0
202210,강원,기타,4847.0
202210,강원,디젤,150780.0
202210,강원,전기,4083.0
202210,경기,LPG,31589.0
202210,경기,기타,30356.0
202210,경기,디젤,769379.0
202210,경기,전기,14613.0
202210,경상,LPG,33386.0
202210,경상,기타,47101.0
202210,경상,디젤,935550.0
202210,경상,전기,21040.0
202210,서울,LPG,21586.0
202210,서울,기타,8526.0
202210,서울,디젤,286206.0
202210,서울,전기,7303.0
202210,인천,LPG,7260.0
202210,인천,기타,14407.0
202210,인천,디젤,173243.0
202210,인천,전기,3650.0
202210,전라,LPG,16027.0
202210,전라,기타,19604.0
202210,전라,디젤,490673.0
202210,전라,전기,9819.0
202210,제주,LPG,3473.0
202210,제주,기타,1348.0
202210,제주,디젤,75840.0
202210,제주,전기,6163.0
202210,충청,LPG,14211.0
202210,충청,기타,21249.0
202210,충청,디젤,450838.0
202210,충청,전기,11119.0
202211,강원,LPG,4753.0
202211,강원,기타,4892.0
202211,강원,디젤,150690.0
202211,강원,전기,4448.0
202211,경기,LPG,31418.0
202211,경기,기타,30458.0
202211,경기,디젤,770388.0
202211,경기,전기,14982.0
202211,경상,LPG,33488.0
202211,경상,기타,47213.0
202211,경상,디젤,935611.0
202211,경상,전기,21765.0
202211,서울,LPG,21485.0
202211,서울,기타,8548.0
202211,서울,디젤,285711.0
202211,서울,전기,7384.0
202211,인천,LPG,7231.0
202211,인천,기타,14410.0
202211,인천,디젤,173218.0
202211,인천,전기,3672.0
202211,전라,LPG,16059.0
202211,전라,기타,19699.0
202211,전라,디젤,491205.0
202211,전라,전기,9949.0
202211,제주,LPG,3470.0
202211,제주,기타,1354.0
202211,제주,디젤,75946.0
202211,제주,전기,6752.0
202211,충청,LPG,14249.0
202211,충청,기타,21366.0
202211,충청,디젤,451169.0
202211,충청,전기,11642.0
202212,강원,LPG,4736.0
202212,강원,기타,4910.0
202212,강원,디젤,150732.0
202212,강원,전기,4520.0
202212,경기,LPG,31263.0
202212,경기,기타,30540.0
202212,경기,디젤,770915.0
202212,경기,전기,15012.0
202212,경상,LPG,33417.0
202212,경상,기타,47330.0
202212,경상,디젤,935393.0
202212,경상,전기,21835.0
202212,서울,LPG,21324.0
202212,서울,기타,8538.0
202212,서울,디젤,285435.0
202212,서울,전기,7409.0
202212,인천,LPG,7188.0
202212,인천,기타,14477.0
202212,인천,디젤,173445.0
202212,인천,전기,3685.0
202212,전라,LPG,16055.0
202212,전라,기타,19765.0
202212,전라,디젤,491599.0
202212,전라,전기,10115.0
202212,제주,LPG,3453.0
202212,제주,기타,1362.0
202212,제주,디젤,76052.0
202212,제주,전기,6987.0
202212,충청,LPG,14202.0
202212,충청,기타,21450.0
202212,충청,디젤,451500.0
202212,충청,전기,11673.0
202301,강원,LPG,4735.0
202301,강원,기타,4933.0
202301,강원,디젤,151184.0
202301,강원,전기,4572.0
202301,경기,LPG,31197.0
202301,경기,기타,30575.0
202301,경기,디젤,773300.0
202301,경기,전기,15040.0
202301,경상,LPG,33298.0
202301,경상,기타,47376.0
202301,경상,디젤,937272.0
202301,경상,전기,21834.0
202301,서울,LPG,21203.0
202301,서울,기타,8543.0
202301,서울,디젤,284744.0
202301,서울,전기,7406.0
202301,인천,LPG,7138.0
202301,인천,기타,14515.0
202301,인천,디젤,173712.0
202301,인천,전기,3694.0
202301,전라,LPG,16008.0
202301,전라,기타,19795.0
202301,전라,디젤,493092.0
202301,전라,전기,10121.0
202301,제주,LPG,3420.0
202301,제주,기타,1358.0
202301,제주,디젤,76270.0
202301,제주,전기,6983.0
202301,충청,LPG,14159.0
202301,충청,기타,21528.0
202301,충청,디젤,452913.0
202301,충청,전기,11683.0
202302,강원,LPG,4705.0
202302,강원,기타,4958.0
202302,강원,디젤,151557.0
202302,강원,전기,4789.0
202302,경기,LPG,30937.0
202302,경기,기타,30667.0
202302,경기,디젤,773955.0
202302,경기,전기,16277.0
202302,경상,LPG,33162.0
202302,경상,기타,47483.0
202302,경상,디젤,938124.0
202302,경상,전기,24248.0
202302,서울,LPG,21068.0
202302,서울,기타,8534.0
202302,서울,디젤,283581.0
202302,서울,전기,7436.0
202302,인천,LPG,7069.0
202302,인천,기타,14499.0
202302,인천,디젤,173830.0
202302,인천,전기,3974.0
202302,전라,LPG,15929.0
202302,전라,기타,19824.0
202302,전라,디젤,494327.0
202302,전라,전기,10929.0
202302,제주,LPG,3405.0
202302,제주,기타,1366.0
202302,제주,디젤,76553.0
202302,제주,전기,7347.0
202302,충청,LPG,14118.0
202302,충청,기타,21600.0
202302,충청,디젤,453875.0
202302,충청,전기,12256.0
202303,강원,LPG,4684.0
202303,강원,기타,5003.0
202303,강원,디젤,151748.0
202303,강원,전기,4936.0
202303,경기,LPG,30826.0
202303,경기,기타,30836.0
202303,경기,디젤,774766.0
202303,경기,전기,18237.0
202303,경상,LPG,33113.0
202303,경상,기타,47558.0
202303,경상,디젤,938677.0
202303,경상,전기,26270.0
202303,서울,LPG,20953.0
202303,서울,기타,8574.0
202303,서울,디젤,279956.0
202303,서울,전기,7810.0
202303,인천,LPG,7041.0
202303,인천,기타,14505.0
202303,인천,디젤,173539.0
202303,인천,전기,4696.0
202303,전라,LPG,15903.0
202303,전라,기타,19860.0
202303,전라,디젤,495157.0
202303,전라,전기,12485.0
202303,제주,LPG,3388.0
202303,제주,기타,1374.0
202303,제주,디젤,76826.0
202303,제주,전기,7590.0
202303,충청,LPG,14104.0
202303,충청,기타,21675.0
202303,충청,디젤,454435.0
202303,충청,전기,13812.0
202304,강원,LPG,4680.0
202304,강원,기타,5030.0
202304,강원,디젤,151382.0
202304,강원,전기,5056.0
202304,경기,LPG,30756.0
202304,경기,기타,30959.0
202304,경기,디젤,774304.0
202304,경기,전기,19047.0
202304,경상,LPG,33136.0
202304,경상,기타,47655.0
202304,경상,디젤,936141.0
202304,경상,전기,27398.0
202304,서울,LPG,20875.0
202304,서울,기타,8573.0
202304,서울,디젤,279014.0
202304,서울,전기,8275.0
202304,인천,LPG,7024.0
202304,인천,기타,14560.0
202304,인천,디젤,173173.0
202304,인천,전기,5081.0
202304,전라,LPG,15938.0
202304,전라,기타,19951.0
202304,전라,디젤,493911.0
202304,전라,전기,12936.0
202304,제주,LPG,3378.0
202304,제주,기타,1378.0
202304,제주,디젤,76779.0
202304,제주,전기,7639.0
202304,충청,LPG,14112.0
202304,충청,기타,21770.0
202304,충청,디젤,453806.0
202304,충청,전기,14366.0
202305,강원,LPG,4669.0
202305,강원,기타,5057.0
202305,강원,디젤,151035.0
202305,강원,전기,5265.0
202305,경기,LPG,30663.0
202305,경기,기타,31107.0
202305,경기,디젤,774279.0
202305,경기,전기,19670.0
202305,경상,LPG,33122.0
202305,경상,기타,47798.0
202305,경상,디젤,934609.0
202305,경상,전기,28511.0
202305,서울,LPG,20763.0
202305,서울,기타,8580.0
202305,서울,디젤,278047.0
202305,서울,전기,8749.0
202305,인천,LPG,7021.0
202305,인천,기타,14583.0
202305,인천,디젤,172861.0
202305,인천,전기,5499.0
202305,전라,LPG,15931.0
202305,전라,기타,20018.0
202305,전라,디젤,492666.0
202305,전라,전기,13325.0
202305,제주,LPG,3365.0
202305,제주,기타,1382.0
202305,제주,디젤,76768.0
202305,제주,전기,7820.0
202305,충청,LPG,14118.0
202305,충청,기타,21870.0
202305,충청,디젤,453101.0
202305,충청,전기,14937.0
202306,강원,LPG,4670.0
202306,강원,기타,5087.0
202306,강원,디젤,150976.0
202306,강원,전기,5435.0
202306,경기,LPG,30508.0
202306,경기,기타,31139.0
202306,경기,디젤,774442.0
202306,경기,전기,20270.0
202306,경상,LPG,33079.0
202306,경상,기타,47932.0
202306,경상,디젤,934225.0
202306,경상,전기,29655.0
202306,서울,LPG,20629.0
202306,서울,기타,8617.0
202306,서울,디젤,277596.0
202306,서울,전기,9061.0
202306,인천,LPG,6996.0
202306,인천,기타,14622.0
202306,인천,디젤,172591.0
202306,인천,전기,5633.0
202306,전라,LPG,15904.0
202306,전라,기타,20066.0
202306,전라,디젤,492452.0
202306,전라,전기,13752.0
202306,제주,LPG,3338.0
202306,제주,기타,1383.0
202306,제주,디젤,75906.0
202306,제주,전기,7985.0
202306,충청,LPG,14140.0
202306,충청,기타,21986.0
202306,충청,디젤,452738.0
202306,충청,전기,15316.0
202307,강원,LPG,4651.0
202307,강원,기타,5116.0
202307,강원,디젤,150947.0
202307,강원,전기,5564.0
202307,경기,LPG,30407.0
202307,경기,기타,31283.0
202307,경기,디젤,774615.0
202307,경기,전기,22250.0
202307,경상,LPG,33054.0
202307,경상,기타,48012.0
202307,경상,디젤,933734.0
202307,경상,전기,31304.0
202307,서울,LPG,20524.0
202307,서울,기타,8671.0
202307,서울,디젤,276641.0
202307,서울,전기,9322.0
202307,인천,LPG,6983.0
202307,인천,기타,14631.0
202307,인천,디젤,172654.0
202307,인천,전기,5915.0
202307,전라,LPG,15890.0
202307,전라,기타,20121.0
202307,전라,디젤,492492.0
202307,전라,전기,14356.0
202307,제주,LPG,3329.0
202307,제주,기타,1374.0
202307,제주,디젤,75920.0
202307,제주,전기,8083.0
202307,충청,LPG,14150.0
202307,충청,기타,22077.0
202307,충청,디젤,452936.0
202307,충청,전기,15874.0
202308,강원,LPG,4646.0
202308,강원,기타,5131.0
202308,강원,디젤,150843.0
202308,강원,전기,5661.0
202308,경기,LPG,30275.0
202308,경기,기타,31434.0
202308,경기,디젤,773484.0
202308,경기,전기,22710.0
202308,경상,LPG,32974.0
202308,경상,기타,48056.0
202308,경상,디젤,932444.0
202308,경상,전기,32107.0
202308,서울,LPG,20386.0
202308,서울,기타,8741.0
202308,서울,디젤,275752.0
202308,서울,전기,9503.0
202308,인천,LPG,6956.0
202308,인천,기타,14641.0
202308,인천,디젤,172670.0
202308,인천,전기,6115.0
202308,전라,LPG,15846.0
202308,전라,기타,20194.0
202308,전라,디젤,492254.0
202308,전라,전기,14596.0
202308,제주,LPG,3322.0
202308,제주,기타,1374.0
202308,제주,디젤,75820.0
202308,제주,전기,8176.0
202308,충청,LPG,14126.0
202308,충청,기타,22138.0
202308,충청,디젤,452382.0
202308,충청,전기,16474.0
202309,강원,LPG,4631.0
202309,강원,기타,5159.0
202309,강원,디젤,150820.0
202309,강원,전기,5746.0
202309,경기,LPG,30189.0
202309,경기,기타,31552.0
202309,경기,디젤,772719.0
202309,경기,전기,23100.0
202309,경상,LPG,32959.0
202309,경상,기타,48171.0
202309,경상,디젤,931665.0
202309,경상,전기,32699.0
202309,서울,LPG,20296.0
202309,서울,기타,8815.0
202309,서울,디젤,275341.0
202309,서울,전기,9679.0
202309,인천,LPG,6918.0
202309,인천,기타,14660.0
202309,인천,디젤,172555.0
202309,인천,전기,6302.0
202309,전라,LPG,15859.0
202309,전라,기타,20210.0
202309,전라,디젤,492132.0
202309,전라,전기,15049.0
202309,제주,LPG,3310.0
202309,제주,기타,1381.0
202309,제주,디젤,75920.0
202309,제주,전기,8284.0
202309,충청,LPG,14123.0
202309,충청,기타,22208.0
202309,충청,디젤,452115.0
202309,충청,전기,16687.0
202310,강원,LPG,4609.0
202310,강원,기타,5174.0
202310,강원,디젤,150864.0
202310,강원,전기,5848.0
202310,경기,LPG,30071.0
202310,경기,기타,31659.0
202310,경기,디젤,771577.0
202310,경기,전기,23865.0
202310,경상,LPG,32902.0
202310,경상,기타,48233.0
202310,경상,디젤,930750.0
202310,경상,전기,33701.0
202310,서울,LPG,20191.0
202310,서울,기타,8820.0
202310,서울,디젤,274816.0
202310,서울,전기,9828.0
202310,인천,LPG,6885.0
202310,인천,기타,14676.0
202310,인천,디젤,173242.0
202310,인천,전기,6447.0
202310,전라,LPG,15835.0
202310,전라,기타,20249.0
202310,전라,디젤,492042.0
202310,전라,전기,15541.0
202310,제주,LPG,3302.0
202310,제주,기타,1387.0
202310,제주,디젤,76054.0
202310,제주,전기,8389.0
202310,충청,LPG,14125.0
202310,충청,기타,22285.0
202310,충청,디젤,451626.0
202310,충청,전기,17359.0
202311,강원,LPG,4593.0
202311,강원,기타,5199.0
202311,강원,디젤,150891.0
202311,강원,전기,6012.0
202311,경기,LPG,30029.0
202311,경기,기타,31783.0
202311,경기,디젤,771635.0
202311,경기,전기,24676.0
202311,경상,LPG,32911.0
202311,경상,기타,48384.0
202311,경상,디젤,930594.0
202311,경상,전기,34328.0
202311,서울,LPG,20127.0
202311,서울,기타,8824.0
202311,서울,디젤,274324.0
202311,서울,전기,9971.0
202311,인천,LPG,6895.0
202311,인천,기타,14655.0
202311,인천,디젤,173936.0
202311,인천,전기,6608.0
202311,전라,LPG,15824.0
202311,전라,기타,20314.0
202311,전라,디젤,492196.0
202311,전라,전기,15874.0
202311,제주,LPG,3298.0
202311,제주,기타,1391.0
202311,제주,디젤,76270.0
202311,제주,전기,8501.0
202311,충청,LPG,14152.0
202311,충청,기타,22395.0
202311,충청,디젤,451729.0
202311,충청,전기,17597.0
202312,강원,LPG,4667.0
202312,강원,기타,5210.0
202312,강원,디젤,150719.0
202312,강원,전기,6039.0
202312,경기,LPG,30580.0
202312,경기,기타,31832.0
202312,경기,디젤,771071.0
202312,경기,전기,24881.0
202312,경상,LPG,33554.0
202312,경상,기타,48497.0
202312,경상,디젤,929373.0
202312,경상,전기,34520.0
202312,서울,LPG,20238.0
202312,서울,기타,8818.0
202312,서울,디젤,273447.0
202312,서울,전기,10087.0
202312,인천,LPG,6980.0
202312,인천,기타,14633.0
202312,인천,디젤,174013.0
202312,인천,전기,6669.0
202312,전라,LPG,16123.0
202312,전라,기타,20395.0
202312,전라,디젤,492182.0
202312,전라,전기,15945.0
202312,제주,LPG,3311.0
202312,제주,기타,1398.0
202312,제주,디젤,76427.0
202312,제주,전기,8585.0
202312,충청,LPG,14440.0
202312,충청,기타,22416.0
202312,충청,디젤,451613.0
202312,충청,전기,17737.0
202401,강원,LPG,4945.0
202401,강원,기타,5222.0
202401,강원,디젤,150710.0
202401,강원,전기,6007.0
202401,경기,LPG,32985.0
202401,경기,기타,31892.0
202401,경기,디젤,769987.0
202401,경기,전기,24957.0
202401,경상,LPG,35705.0
202401,경상,기타,48608.0
202401,경상,디젤,928210.0
202401,경상,전기,34553.0
202401,서울,LPG,20823.0
202401,서울,기타,8789.0
202401,서울,디젤,272522.0
202401,서울,전기,10075.0
202401,인천,LPG,7511.0
202401,인천,기타,14686.0
202401,인천,디젤,174068.0
202401,인천,전기,6676.0
202401,전라,LPG,17170.0
202401,전라,기타,20456.0
202401,전라,디젤,492167.0
202401,전라,전기,15928.0
202401,제주,LPG,3414.0
202401,제주,기타,1405.0
202401,제주,디젤,76496.0
202401,제주,전기,8574.0
202401,충청,LPG,15577.0
202401,충청,기타,22465.0
202401,충청,디젤,451276.0
202401,충청,전기,17715.0
202402,강원,LPG,5204.0
202402,강원,기타,5242.0
202402,강원,디젤,150569.0
202402,강원,전기,5973.0
202402,경기,LPG,35303.0
202402,경기,기타,31906.0
202402,경기,디젤,768084.0
202402,경기,전기,25053.0
202402,경상,LPG,37654.0
202402,경상,기타,48721.0
202402,경상,디젤,927105.0
202402,경상,전기,34552.0
202402,서울,LPG,21480.0
202402,서울,기타,8814.0
202402,서울,디젤,271744.0
202402,서울,전기,10067.0
202402,인천,LPG,8045.0
202402,인천,기타,14698.0
202402,인천,디젤,173651.0
202402,인천,전기,6688.0
202402,전라,LPG,17993.0
202402,전라,기타,20512.0
202402,전라,디젤,491952.0
202402,전라,전기,15916.0
202402,제주,LPG,3518.0
202402,제주,기타,1408.0
202402,제주,디젤,76488.0
202402,제주,전기,8563.0
202402,충청,LPG,16534.0
202402,충청,기타,22535.0
202402,충청,디젤,450880.0
202402,충청,전기,17674.0
202403,강원,LPG,5490.0
202403,강원,기타,5286.0
202403,강원,디젤,150169.0
202403,강원,전기,6002.0
202403,경기,LPG,37823.0
202403,경기,기타,32040.0
202403,경기,디젤,764261.0
202403,경기,전기,26211.0
202403,경상,LPG,39743.0
202403,경상,기타,48857.0
202403,경상,디젤,924245.0
202403,경상,전기,35743.0
202403,서울,LPG,22160.0
202403,서울,기타,8789.0
202403,서울,디젤,269965.0
202403,서울,전기,10135.0
202403,인천,LPG,8645.0
202403,인천,기타,14786.0
202403,인천,디젤,172181.0
202403,인천,전기,6800.0
202403,전라,LPG,18927.0
202403,전라,기타,20729.0
202403,전라,디젤,490767.0
202403,전라,전기,16584.0
202403,제주,LPG,3668.0
202403,제주,기타,1401.0
202403,제주,디젤,76238.0
202403,제주,전기,8637.0
202403,충청,LPG,17631.0
202403,충청,기타,22631.0
202403,충청,디젤,449300.0
202403,충청,전기,18448.0
202404,강원,LPG,5795.0
202404,강원,기타,5331.0
202404,강원,디젤,149524.0
202404,강원,전기,6029.0
202404,경기,LPG,40395.0
202404,경기,기타,32173.0
202404,경기,디젤,760132.0
202404,경기,전기,26524.0
202404,경상,LPG,42082.0
202404,경상,기타,49016.0
202404,경상,디젤,918598.0
202404,경상,전기,36110.0
202404,서울,LPG,22958.0
202404,서울,기타,8862.0
202404,서울,디젤,268444.0
202404,서울,전기,10212.0
202404,인천,LPG,9347.0
202404,인천,기타,14843.0
202404,인천,디젤,171096.0
202404,인천,전기,6885.0
202404,전라,LPG,20078.0
202404,전라,기타,20820.0
202404,전라,디젤,488035.0
202404,전라,전기,16841.0
202404,제주,LPG,3851.0
202404,제주,기타,1410.0
202404,제주,디젤,75968.0
202404,제주,전기,8698.0
202404,충청,LPG,18775.0
202404,충청,기타,22805.0
202404,충청,디젤,446901.0
202404,충청,전기,18659.0
202405,강원,LPG,6082.0
202405,강원,기타,5378.0
202405,강원,디젤,148940.0
202405,강원,전기,6067.0
202405,경기,LPG,43018.0
202405,경기,기타,32225.0
202405,경기,디젤,756550.0
202405,경기,전기,26853.0
202405,경상,LPG,44299.0
202405,경상,기타,49159.0
202405,경상,디젤,914947.0
202405,경상,전기,36490.0
202405,서울,LPG,23789.0
202405,서울,기타,8878.0
202405,서울,디젤,267024.0
202405,서울,전기,10308.0
202405,인천,LPG,10128.0
202405,인천,기타,14866.0
202405,인천,디젤,170375.0
202405,인천,전기,6995.0
202405,전라,LPG,21158.0
202405,전라,기타,20900.0
202405,전라,디젤,486270.0
202405,전라,전기,17062.0
202405,제주,LPG,4038.0
202405,제주,기타,1423.0
202405,제주,디젤,75866.0
202405,제주,전기,8757.0
202405,충청,LPG,19853.0
202405,충청,기타,22897.0
202405,충청,디젤,444991.0
202405,충청,전기,18821.0
202406,강원,LPG,6375.0
202406,강원,기타,5413.0
202406,강원,디젤,148611.0
202406,강원,전기,6096.0
202406,경기,LPG,45295.0
202406,경기,기타,32403.0
202406,경기,디젤,753965.0
202406,경기,전기,27237.0
202406,경상,LPG,46097.0
202406,경상,기타,49376.0
202406,경상,디젤,912590.0
202406,경상,전기,36902.0
202406,서울,LPG,24455.0
202406,서울,기타,8928.0
202406,서울,디젤,265745.0
202406,서울,전기,10358.0
202406,인천,LPG,10797.0
202406,인천,기타,14918.0
202406,인천,디젤,169713.0
202406,인천,전기,7122.0
202406,전라,LPG,22052.0
202406,전라,기타,20952.0
202406,전라,디젤,485285.0
202406,전라,전기,17270.0
202406,제주,LPG,4171.0
202406,제주,기타,1442.0
202406,제주,디젤,75785.0
202406,제주,전기,8834.0
202406,충청,LPG,20815.0
202406,충청,기타,22954.0
202406,충청,디젤,443716.0
202406,충청,전기,19116.0
202407,강원,LPG,6634.0
202407,강원,기타,5452.0
202407,강원,디젤,148103.0
202407,강원,전기,6143.0
202407,경기,LPG,47417.0
202407,경기,기타,32664.0
202407,경기,디젤,751351.0
202407,경기,전기,27836.0
202407,경상,LPG,47873.0
202407,경상,기타,49567.0
202407,경상,디젤,910049.0
202407,경상,전기,37645.0
202407,서울,LPG,25098.0
202407,서울,기타,8992.0
202407,서울,디젤,263866.0
202407,서울,전기,10442.0
202407,인천,LPG,11360.0
202407,인천,기타,14961.0
202407,인천,디젤,168909.0
202407,인천,전기,7240.0
202407,전라,LPG,22872.0
202407,전라,기타,21060.0
202407,전라,디젤,484442.0
202407,전라,전기,17546.0
202407,제주,LPG,4396.0
202407,제주,기타,1452.0
202407,제주,디젤,75739.0
202407,제주,전기,8940.0
202407,충청,LPG,21767.0
202407,충청,기타,23015.0
202407,충청,디젤,442405.0
202407,충청,전기,19392.0
202408,강원,LPG,6868.0
202408,강원,기타,5485.0
202408,강원,디젤,147779.0
202408,강원,전기,6183.0
202408,경기,LPG,48976.0
202408,경기,기타,32805.0
202408,경기,디젤,749123.0
202408,경기,전기,28228.0
202408,경상,LPG,49069.0
202408,경상,기타,49655.0
202408,경상,디젤,907466.0
202408,경상,전기,38114.0
202408,서울,LPG,25554.0
202408,서울,기타,9034.0
202408,서울,디젤,262673.0
202408,서울,전기,10527.0
202408,인천,LPG,11729.0
202408,인천,기타,14997.0
202408,인천,디젤,167623.0
202408,인천,전기,7299.0
202408,전라,LPG,23473.0
202408,전라,기타,21166.0
202408,전라,디젤,483542.0
202408,전라,전기,17736.0
202408,제주,LPG,4522.0
202408,제주,기타,1462.0
202408,제주,디젤,75674.0
202408,제주,전기,9091.0
202408,충청,LPG,22487.0
202408,충청,기타,23130.0
202408,충청,디젤,441309.0
202408,충청,전기,19746.0
202409,강원,LPG,7023.0
202409,강원,기타,5515.0
202409,강원,디젤,147428.0
202409,강원,전기,6234.0
202409,경기,LPG,50497.0
202409,경기,기타,32964.0
202409,경기,디젤,747100.0
202409,경기,전기,28572.0
202409,경상,LPG,50254.0
202409,경상,기타,49809.0
202409,경상,디젤,905150.0
202409,경상,전기,38549.0
202409,서울,LPG,26015.0
202409,서울,기타,9121.0
202409,서울,디젤,261460.0
202409,서울,전기,10602.0
202409,인천,LPG,12106.0
202409,인천,기타,15037.0
202409,인천,디젤,166952.0
202409,인천,전기,7402.0
202409,전라,LPG,23985.0
202409,전라,기타,21269.0
202409,전라,디젤,482569.0
202409,전라,전기,17920.0
202409,제주,LPG,4632.0
202409,제주,기타,1477.0
202409,제주,디젤,75556.0
202409,제주,전기,9181.0
202409,충청,LPG,23206.0
202409,충청,기타,23188.0
202409,충청,디젤,440269.0
202409,충청,전기,20061.0
202410,강원,LPG,7314.0
202410,강원,기타,5542.0
202410,강원,디젤,146946.0
202410,강원,전기,6276.0
202410,경기,LPG,52626.0
202410,경기,기타,33134.0
202410,경기,디젤,743811.0
202410,경기,전기,29227.0
202410,경상,LPG,52159.0
202410,경상,기타,49909.0
202410,경상,디젤,902555.0
202410,경상,전기,38944.0
202410,서울,LPG,26609.0
202410,서울,기타,9159.0
202410,서울,디젤,260001.0
202410,서울,전기,10584.0
202410,인천,LPG,12555.0
202410,인천,기타,15091.0
202410,인천,디젤,166331.0
202410,인천,전기,7497.0
202410,전라,LPG,24841.0
202410,전라,기타,21303.0
202410,전라,디젤,481255.0
202410,전라,전기,18141.0
202410,제주,LPG,4774.0
202410,제주,기타,1482.0
202410,제주,디젤,75625.0
202410,제주,전기,9264.0
202410,충청,LPG,24217.0
202410,충청,기타,23243.0
202410,충청,디젤,438879.0
202410,충청,전기,20404.0
202411,강원,LPG,7422.0
202411,강원,기타,5585.0
202411,강원,디젤,146535.0
202411,강원,전기,6335.0
202411,경기,LPG,53904.0
202411,경기,기타,33274.0
202411,경기,디젤,741690.0
202411,경기,전기,29796.0
202411,경상,LPG,53366.0
202411,경상,기타,49969.0
202411,경상,디젤,900173.0
202411,경상,전기,39580.0
202411,서울,LPG,27048.0
202411,서울,기타,9195.0
202411,서울,디젤,258606.0
202411,서울,전기,10619.0
202411,인천,LPG,12891.0
202411,인천,기타,15082.0
202411,인천,디젤,165495.0
202411,인천,전기,7587.0
202411,전라,LPG,25450.0
202411,전라,기타,21357.0
202411,전라,디젤,480217.0
202411,전라,전기,18444.0
202411,제주,LPG,4832.0
202411,제주,기타,1506.0
202411,제주,디젤,75675.0
202411,제주,전기,9432.0
202411,충청,LPG,24871.0
202411,충청,기타,23259.0
202411,충청,디젤,437831.0
202411,충청,전기,20781.0
202412,강원,LPG,7605.0
202412,강원,기타,5597.0
202412,강원,디젤,146195.0
202412,강원,전기,6387.0
202412,경기,LPG,55592.0
202412,경기,기타,33426.0
202412,경기,디젤,739097.0
202412,경기,전기,30165.0
202412,경상,LPG,54749.0
202412,경상,기타,50060.0
202412,경상,디젤,897959.0
202412,경상,전기,39978.0
202412,서울,LPG,27887.0
202412,서울,기타,9210.0
202412,서울,디젤,257311.0
202412,서울,전기,10592.0
202412,인천,LPG,13393.0
202412,인천,기타,15193.0
202412,인천,디젤,164845.0
202412,인천,전기,7633.0
202412,전라,LPG,26051.0
202412,전라,기타,21405.0
202412,전라,디젤,479352.0
202412,전라,전기,18593.0
202412,제주,LPG,4917.0
202412,제주,기타,1520.0
202412,제주,디젤,75757.0
202412,제주,전기,9592.0
202412,충청,LPG,25559.0
202412,충청,기타,23344.0
202412,충청,디젤,436817.0
202412,충청,전기,20962.0
202501,강원,LPG,7815.0
202501,강원,기타,5598.0
202501,강원,디젤,146076.0
202501,강원,전기,6385.0
202501,경기,LPG,57690.0
202501,경기,기타,33525.0
202501,경기,디젤,737550.0
202501,경기,전기,30144.0
202501,경상,LPG,56260.0
202501,경상,기타,50156.0
202501,경상,디젤,896402.0
202501,경상,전기,39954.0
202501,서울,LPG,28220.0
202501,서울,기타,9278.0
202501,서울,디젤,256179.0
202501,서울,전기,10518.0
202501,인천,LPG,13953.0
202501,인천,기타,15255.0
202501,인천,디젤,164430.0
202501,인천,전기,7661.0
202501,전라,LPG,26643.0
202501,전라,기타,21453.0
202501,전라,디젤,479075.0
202501,전라,전기,18655.0
202501,제주,LPG,5013.0
202501,제주,기타,1530.0
202501,제주,디젤,75640.0
202501,제주,전기,9570.0
202501,충청,LPG,26304.0
202501,충청,기타,23389.0
202501,충청,디젤,436263.0
202501,충청,전기,20999.0
202502,강원,LPG,7973.0
202502,강원,기타,5596.0
202502,강원,디젤,145812.0
202502,강원,전기,6424.0
202502,경기,LPG,59413.0
202502,경기,기타,33590.0
202502,경기,디젤,735004.0
202502,경기,전기,30540.0
202502,경상,LPG,57595.0
202502,경상,기타,50234.0
202502,경상,디젤,894296.0
202502,경상,전기,40768.0
202502,서울,LPG,28807.0
202502,서울,기타,9296.0
202502,서울,디젤,255020.0
202502,서울,전기,10594.0
202502,인천,LPG,14470.0
202502,인천,기타,15303.0
202502,인천,디젤,163537.0
202502,인천,전기,7797.0
202502,전라,LPG,27219.0
202502,전라,기타,21503.0
202502,전라,디젤,478455.0
202502,전라,전기,18914.0
202502,제주,LPG,5104.0
202502,제주,기타,1540.0
202502,제주,디젤,75131.0
202502,제주,전기,9659.0
202502,충청,LPG,27017.0
202502,충청,기타,23401.0
202502,충청,디젤,435193.0
202502,충청,전기,21330.0
202503,강원,LPG,8219.0
202503,강원,기타,5644.0
202503,강원,디젤,145325.0
202503,강원,전기,6478.0
202503,경기,LPG,61508.0
202503,경기,기타,33697.0
202503,경기,디젤,731652.0
202503,경기,전기,31294.0
202503,경상,LPG,59001.0
202503,경상,기타,50365.0
202503,경상,디젤,890581.0
202503,경상,전기,41303.0
202503,서울,LPG,29430.0
202503,서울,기타,9420.0
202503,서울,디젤,253318.0
202503,서울,전기,10493.0
202503,인천,LPG,15046.0
202503,인천,기타,15343.0
202503,인천,디젤,162458.0
202503,인천,전기,7977.0
202503,전라,LPG,27902.0
202503,전라,기타,21569.0
202503,전라,디젤,476688.0
202503,전라,전기,19181.0
202503,제주,LPG,5218.0
202503,제주,기타,1557.0
202503,제주,디젤,74660.0
202503,제주,전기,9831.0
202503,충청,LPG,27842.0
202503,충청,기타,23397.0
202503,충청,디젤,433183.0
202503,충청,전기,21831.0
202504,강원,LPG,8459.0
202504,강원,기타,5742.0
202504,강원,디젤,144642.0
202504,강원,전기,6542.0
202504,경기,LPG,63552.0
202504,경기,기타,34007.0
202504,경기,디젤,726580.0
202504,경기,전기,31797.0
202504,경상,LPG,60616.0
202504,경상,기타,50623.0
202504,경상,디젤,886037.0
202504,경상,전기,42038.0
202504,서울,LPG,29995.0
202504,서울,기타,9559.0
202504,서울,디젤,251774.0
202504,서울,전기,10604.0
202504,인천,LPG,15630.0
202504,인천,기타,15434.0
202504,인천,디젤,160961.0
202504,인천,전기,8122.0
202504,전라,LPG,28628.0
202504,전라,기타,21721.0
202504,전라,디젤,474329.0
202504,전라,전기,19485.0
202504,제주,LPG,5344.0
202504,제주,기타,1595.0
202504,제주,디젤,74327.0
202504,제주,전기,10002.0
202504,충청,LPG,28678.0
202504,충청,기타,23598.0
202504,충청,디젤,430947.0
202504,충청,전기,22278.0
202505,강원,LPG,8654.0
202505,강원,기타,5883.0
202505,강원,디젤,144180.0
202505,강원,전기,6610.0
202505,경기,LPG,65256.0
202505,경기,기타,34531.0
202505,경기,디젤,723651.0
202505,경기,전기,32310.0
202505,경상,LPG,61894.0
202505,경상,기타,51051.0
202505,경상,디젤,883083.0
202505,경상,전기,42734.0
202505,서울,LPG,30504.0
202505,서울,기타,9698.0
202505,서울,디젤,250530.0
202505,서울,전기,10682.0
202505,인천,LPG,16112.0
202505,인천,기타,15569.0
202505,인천,디젤,160001.0
202505,인천,전기,8226.0
202505,전라,LPG,29206.0
202505,전라,기타,21953.0
202505,전라,디젤,472905.0
202505,전라,전기,19799.0
202505,제주,LPG,5464.0
202505,제주,기타,1624.0
202505,제주,디젤,74065.0
202505,제주,전기,10167.0
202505,충청,LPG,29394.0
202505,충청,기타,23883.0
202505,충청,디젤,429329.0
202505,충청,전기,22685.0
202506,강원,LPG,8830.0
202506,강원,기타,5979.0
202506,강원,디젤,143791.0
202506,강원,전기,6666.0
202506,경기,LPG,66978.0
202506,경기,기타,34907.0
202506,경기,디젤,720776.0
202506,경기,전기,32731.0
202506,경상,LPG,63071.0
202506,경상,기타,51457.0
202506,경상,디젤,880538.0
202506,경상,전기,43326.0
202506,서울,LPG,31046.0
202506,서울,기타,9813.0
202506,서울,디젤,249246.0
202506,서울,전기,10794.0
202506,인천,LPG,16665.0
202506,인천,기타,15690.0
202506,인천,디젤,159430.0
202506,인천,전기,8252.0
202506,전라,LPG,29891.0
202506,전라,기타,22147.0
202506,전라,디젤,472027.0
202506,전라,전기,20027.0
202506,제주,LPG,5558.0
202506,제주,기타,1691.0
202506,제주,디젤,73868.0
202506,제주,전기,10333.0
202506,충청,LPG,30094.0
202506,충청,기타,24118.0
202506,충청,디젤,428141.0
202506,충청,전기,22954.0
202507,강원,LPG,9024.0
202507,강원,기타,6050.0
202507,강원,디젤,143388.0
202507,강원,전기,6755.0
202507,경기,LPG,68779.0
202507,경기,기타,35428.0
202507,경기,디젤,717465.0
202507,경기,전기,33402.0
202507,경상,LPG,64342.0
202507,경상,기타,51896.0
202507,경상,디젤,877806.0
202507,경상,전기,44220.0
202507,서울,LPG,31575.0
202507,서울,기타,9931.0
202507,서울,디젤,248045.0
202507,서울,전기,10906.0
202507,인천,LPG,17186.0
202507,인천,기타,15807.0
202507,인천,디젤,158551.0
202507,인천,전기,8518.0
202507,전라,LPG,30510.0
202507,전라,기타,22394.0
202507,전라,디젤,470958.0
202507,전라,전기,20378.0
202507,제주,LPG,5794.0
202507,제주,기타,1758.0
202507,제주,디젤,73551.0
202507,제주,전기,10539.0
202507,충청,LPG,30846.0
202507,충청,기타,24384.0
202507,충청,디젤,426863.0
202507,충청,전기,23332.0
202508,강원,LPG,9210.0
202508,강원,기타,6123.0
202508,강원,디젤,142955.0
202508,강원,전기,6839.0
202508,경기,LPG,70380.0
202508,경기,기타,35711.0
202508,경기,디젤,714486.0
202508,경기,전기,34056.0
202508,경상,LPG,65586.0
202508,경상,기타,52144.0
202508,경상,디젤,875297.0
202508,경상,전기,44979.0
202508,서울,LPG,32132.0
202508,서울,기타,10013.0
202508,서울,디젤,246851.0
202508,서울,전기,11138.0
202508,인천,LPG,17747.0
202508,인천,기타,15870.0
202508,인천,디젤,157636.0
202508,인천,전기,8680.0
202508,전라,LPG,31150.0
202508,전라,기타,22528.0
202508,전라,디젤,469894.0
202508,전라,전기,20772.0
202508,제주,LPG,5946.0
202508,제주,기타,1786.0
202508,제주,디젤,73332.0
202508,제주,전기,10713.0
202508,충청,LPG,31515.0
202508,충청,기타,24554.0
202508,충청,디젤,425697.0
202508,충청,전기,23963.0
202509,강원,LPG,9430.0
202509,강원,기타,6208.0
202509,강원,디젤,142590.0
202509,강원,전기,6940.0
202509,경기,LPG,72344.0
202509,경기,기타,36075.0
202509,경기,디젤,711291.0
202509,경기,전기,34786.0
202509,경상,LPG,66960.0
202509,경상,기타,52499.0
202509,경상,디젤,872759.0
202509,경상,전기,45716.0
202509,서울,LPG,32692.0
202509,서울,기타,10130.0
202509,서울,디젤,245317.0
202509,서울,전기,11248.0
202509,인천,LPG,18334.0
202509,인천,기타,15970.0
202509,인천,디젤,156629.0
202509,인천,전기,8821.0
202509,전라,LPG,31851.0
202509,전라,기타,22726.0
202509,전라,디젤,468924.0
202509,전라,전기,21124.0
202509,제주,LPG,6189.0
202509,제주,기타,1829.0
202509,제주,디젤,73324.0
202509,제주,전기,10912.0
202509,충청,LPG,32391.0
202509,충청,기타,24724.0
202509,충청,디젤,424333.0
202509,충청,전기,24411.0
202510,강원,LPG,9599.0
202510,강원,기타,6258.0
202510,강원,디젤,142129.0
202510,강원,전기,7047.0
202510,경기,LPG,73781.0
202510,경기,기타,36427.0
202510,경기,디젤,708364.0
202510,경기,전기,35730.0
202510,경상,LPG,67971.0
202510,경상,기타,52739.0
202510,경상,디젤,870547.0
202510,경상,전기,46554.0
202510,서울,LPG,33034.0
202510,서울,기타,10156.0
202510,서울,디젤,244121.0
202510,서울,전기,11393.0
202510,인천,LPG,18715.0
202510,인천,기타,16046.0
202510,인천,디젤,156120.0
202510,인천,전기,8999.0
202510,전라,LPG,32376.0
202510,전라,기타,22867.0
202510,전라,디젤,468000.0
202510,전라,전기,21425.0
202510,제주,LPG,6279.0
202510,제주,기타,1892.0
202510,제주,디젤,73076.0
202510,제주,전기,11161.0
202510,충청,LPG,33060.0
202510,충청,기타,24921.0
202510,충청,디젤,423149.0
202510,충청,전기,24757.0
202511,강원,LPG,9837.0
202511,강원,기타,6315.0
202511,강원,디젤,141732.0
202511,강원,전기,7118.0
202511,경기,LPG,75685.0
202511,경기,기타,36715.0
202511,경기,디젤,705644.0
202511,경기,전기,36156.0
202511,경상,LPG,69287.0
202511,경상,기타,53032.0
202511,경상,디젤,868194.0
202511,경상,전기,47198.0
202511,서울,LPG,33509.0
202511,서울,기타,10218.0
202511,서울,디젤,242753.0
202511,서울,전기,11645.0
202511,인천,LPG,19229.0
202511,인천,기타,16166.0
202511,인천,디젤,155402.0
202511,인천,전기,9059.0
202511,전라,LPG,33005.0
202511,전라,기타,22986.0
202511,전라,디젤,467179.0
202511,전라,전기,21585.0
202511,제주,LPG,6384.0
202511,제주,기타,1962.0
202511,제주,디젤,72815.0
202511,제주,전기,11270.0
202511,충청,LPG,33862.0
202511,충청,기타,24981.0
202511,충청,디젤,421842.0
202511,충청,전기,25048.0
202512,강원,LPG,10007.0
202512,강원,기타,6364.0
202512,강원,디젤,141350.0
202512,강원,전기,7116.0
202512,경기,LPG,77845.0
202512,경기,기타,36721.0
202512,경기,디젤,702328.0
202512,경기,전기,36373.0
202512,경상,LPG,70833.0
202512,경상,기타,53166.0
202512,경상,디젤,865906.0
202512,경상,전기,47389.0
202512,서울,LPG,33779.0
202512,서울,기타,10369.0
202512,서울,디젤,241537.0
202512,서울,전기,11671.0
202512,인천,LPG,19776.0
202512,인천,기타,16229.0
202512,인천,디젤,154576.0
202512,인천,전기,9139.0
202512,전라,LPG,33720.0
202512,전라,기타,23081.0
202512,전라,디젤,466380.0
202512,전라,전기,21651.0
202512,제주,LPG,6501.0
202512,제주,기타,2034.0
202512,제주,디젤,72503.0
202512,제주,전기,11305.0
202512,충청,LPG,34653.0
202512,충청,기타,25136.0
202512,충청,디젤,420694.0
202512,충청,전기,25100.0
